x1,v1,x2,v2,x1_s,F1,F2
-0.7855744055502392,6.247676133904939,0.8446791466761026,-5.104484637716289,-0.7855744055502392,4.734445930065711,7.688418816989792
-0.11336980976808508,6.959743655451938,0.3311547350180133,-4.996125163582926,-0.11336980976808508,4.734445930065711,7.688418816989792
0.5603968848663481,6.301338741576352,-0.123532055184155,-3.962912053399452,0.5603968848663481,4.734445930065711,7.688418816989792
1.1094641827331646,4.526149382365492,-0.4398754205252562,-2.2862713980856597,1.1094641827331646,4.734445930065711,7.688418816989792
1.4429257605928374,2.072704817296902,-0.5718271431874182,-0.34124776068305174,1.4429257605928374,4.734445930065711,7.688418816989792
1.5188802929493184,-0.5352170165864933,-0.5122344455253849,1.482549502770432,1.5188802929493184,4.734445930065711,7.688418816989792
1.3476214924635244,-2.7947901768868144,-0.2904828380018074,2.8553004144173713,1.3476214924635244,4.734445930065711,7.688418816989792
0.9847275104106554,-4.316220721492603,0.03649142620954837,3.5629752634391565,0.9847275104106554,4.734445930065711,7.688418816989792
0.5163592559679007,-4.884979508070644,0.3974739201780828,3.536405844613512,0.5163592559679007,4.734445930065711,7.688418816989792
0.0402215424828567,-4.485265545140881,0.7216607747283916,2.8504370232760188,0.0402215424828567,4.734445930065711,7.688418816989792
-0.3538260537974338,-3.2840587036935016,0.9518745476338637,1.6962151114774606,-0.3538260537974338,4.734445930065711,7.688418816989792
-0.5998395488852255,-1.5824726873576846,1.0539679221581464,0.3343456255811077,-0.5998395488852255,4.734445930065711,7.688418816989792
-0.6708540627998714,0.1567444367113069,0.9546730216417636,-2.2437774296575803,-0.6708540627998714,3.684252483829013,-6.256772224736238
-0.575063929012142,1.7011157378713797,0.6275812245291412,-4.1565831832831455,-0.575063929012142,3.684252483829013,-6.256772224736238
-0.34627239993446324,2.7801177121517426,0.1555936829422162,-5.109358937639199,-0.34627239993446324,3.684252483829013,-6.256772224736238
-0.0399592361194534,3.236076568996893,-0.35915857616918423,-5.015129017428629,-0.0399592361194534,3.684252483829013,-6.256772224736238
0.27916432524639667,3.042921109392287,-0.8162552575253965,-3.991142226279419,0.27916432524639667,3.684252483829013,-6.256772224736238
0.5501461966740742,2.298591855813793,-1.135626150316396,-2.3175650158426784,0.5501461966740742,3.684252483829013,-6.256772224736238
0.7268486554535079,1.1948639578434772,-1.270602887654963,-0.36946693037283573,0.7268486554535079,3.684252483829013,-6.256772224736238
0.7851670869671441,-0.027485625846674466,-1.2134635755443481,1.462407679640446,0.7851670869671441,3.684252483829013,-6.256772224736238
0.7818776862305077,-0.0370419942932223,-0.8921593336922635,4.800209026980372,0.7818776862305077,15.543585810448867,14.976937853213556
0.6881314186746117,-1.7773366698238178,-0.27143894721822814,7.363607405531681,0.6881314186746117,-3.3493654724996773,19.776903074262904
0.4431602017984426,-3.0193473643542976,0.5261041820092114,8.304786785577818,0.4431602017984426,-3.3493654724996773,19.776903074262904
0.05467021568333941,-4.5941229686471985,1.2704632286653776,6.366005160217732,0.05467021568333941,-14.391266240510275,6.346028781985957
-0.4417672486210158,-5.159128940283022,1.7655775454161375,3.420164206330657,-0.4417672486210158,-14.391266240510275,6.346028781985957
-0.9663016883882012,-5.156204690468313,1.8243568416137528,-2.170427797535824,-0.9663016883882012,-19.297591343811593,-18.484001810930003
-1.440653399640718,-4.188445688055451,1.3630811246765155,-6.822749395356736,-1.440653399640718,-19.297591343811593,-18.484001810930003
-1.6252462944597843,0.4800089178095277,0.5319909470381283,-9.476624236954345,-1.6252462944597843,13.398959694838993,-15.455649450574978
-1.3626692575761066,4.6143577781861485,-0.4642323065429963,-10.10416076979763,-1.3626692575761066,13.398959694838993,-15.455649450574978
-0.7446244691185084,7.491571864845248,-1.4234039144582589,-8.780729617873375,-0.7446244691185084,13.398959694838993,-15.455649450574978
-0.032238847547820804,6.533991423207695,-2.136179315967623,-5.2949314045884455,-0.032238847547820804,-10.060021346722552,-8.448880681054787
0.5211119975588492,4.384054706979732,-2.371787191093259,0.5632622806936922,0.5211119975588492,-10.717315039647637,10.16652745475134
0.7943280236534704,1.0449184093049197,-2.114220845101195,4.436941647501911,0.7943280236534704,-16.946317982133184,-4.195189836518146
0.7342679506722716,-2.172033479821275,-1.5246970976749017,7.111496855440446,0.7342679506722716,-16.946317982133184,-4.195189836518146
0.3838935395125027,-4.676311529797501,-0.7451521979869602,8.200459256928351,0.3838935395125027,-16.946317982133184,-4.195189836518146
-0.16359030338155733,-6.06698726749268,0.06042166138917793,7.650870993635621,-0.16359030338155733,-16.946317982133184,-4.195189836518146
-0.6358225002393754,-3.266701391380784,0.6666157029605149,4.326054564874234,-0.6358225002393754,14.818000901067435,-19.359681819947827
-0.8054273776232161,-0.12145493874143476,0.9091659799145528,0.5079091211157323,-0.8054273776232161,14.818000901067435,-19.359681819947827
-0.6694592524603156,2.7472204918511274,0.7772801026184784,-3.0419660827570922,-0.6694592524603156,14.818000901067435,-19.359681819947827
-0.2824479790408736,4.82869155925343,0.33127712476230364,-5.6846421404454315,-0.2824479790408736,14.818000901067435,-19.359681819947827
0.2592784763182445,5.8082886966316245,-0.31547090139692724,-7.011829072143784,0.2592784763182445,14.818000901067435,-19.359681819947827
0.8396027422583288,5.607514207899161,-1.0228095817153027,-6.900298297368081,0.8396027422583288,14.818000901067435,-19.359681819947827
1.325731172706007,3.9797640181812692,-1.4768443346763602,-2.108855666881139,1.325731172706007,10.509473257466446,17.576208828759206
1.6540268711489965,2.50115423213985,-1.6072666882556375,-0.48320805221642615,1.6540268711489965,18.541684636269743,-16.160626440712115
1.8150152731842155,0.6950857333033014,-1.5756793698818718,1.0781921414334015,1.8150152731842155,18.541684636269743,-16.160626440712115
1.7944845353072019,-1.0692122889993705,-1.4034132671940345,2.289191704341423,1.7944845353072019,18.541684636269743,-16.160626440712115
1.6135527989379668,-2.4654833345725287,-1.1361007258776894,2.9564701254532615,1.6135527989379668,18.541684636269743,-16.160626440712115
1.3213505838512907,-3.267419435721811,-0.8328197191642053,3.00688405104356,1.3213505838512907,18.541684636269743,-16.160626440712115
0.983159093911393,-3.3814611969619612,-0.5537606644236313,2.4896878075341675,0.983159093911393,18.541684636269743,-16.160626440712115
0.666651001857808,-2.851728784606533,-0.3488472517870882,1.5556973266242817,0.666651001857808,18.541684636269743,-16.160626440712115
0.4290089157456798,-1.8386283465772966,-0.24938202464887027,0.41939507363154327,0.4290089157456798,18.541684636269743,-16.160626440712115
0.30720950216453247,-0.5777905177721365,-0.2639480987764484,-0.6872735762457776,0.30720950216453247,18.541684636269743,-16.160626440712115
0.3130256894885868,0.6712097769460978,-0.37896656852834276,-1.5599880689932597,0.3130256894885868,18.541684636269743,-16.160626440712115
0.3310532429645763,-0.300383812317234,-0.5067606270001983,-0.9631735444357563,0.3310532429645763,-2.9324107976783473,-4.2669307677464055
0.21705879609724832,-1.9143094768158022,-0.4811248187134227,1.4272167561689386,0.21705879609724832,-11.52828435919094,13.88173185057537
0.08178067428229063,-0.7652746603407117,-0.37387908893829636,0.694121852974515,0.08178067428229063,12.933780016614541,-14.685908437559945
0.06511332849493634,0.41765477194793377,-0.34430050047282545,-0.09913193638321438,0.06511332849493634,12.933780016614541,-14.685908437559945
0.15888835412820868,1.409840439926132,-0.3905338572053987,-0.7983435116919466,0.15888835412820868,12.933780016614541,-14.685908437559945
0.3350428464261377,2.0437198283539786,-0.4967106144866609,-1.2815858263893958,0.3350428464261377,12.933780016614541,-14.685908437559945
0.5527670388635713,2.234755117317672,-0.637253511546005,-1.4789681933971615,0.5527670388635713,12.933780016614541,-14.685908437559945
0.7673510553966887,1.9893181207109105,-0.7825853013486785,-1.3807392695070995,0.7673510553966887,12.933780016614541,-14.685908437559945
0.9389310439085712,1.3948936381971215,-0.9050490105176081,-1.0334231199659314,0.9389310439085712,12.933780016614541,-14.685908437559945
1.0394852469721325,0.5959454466678409,-0.9838997001246721,-0.5257273349042624,1.0394852469721325,12.933780016614541,-14.685908437559945
1.0569477264307618,-0.23852512007579918,-1.0085264543595631,0.032062389373281874,1.0569477264307618,12.933780016614541,-14.685908437559945
0.9959584296826822,-0.948943092819654,-0.9794806436509971,0.5307725808482324,0.9959584296826822,12.933780016614541,-14.685908437559945
0.8753987472597018,-1.4141347391834227,-0.9073064665762436,0.8826749768889961,0.8753987472597018,12.933780016614541,-14.685908437559945
0.7235048218228517,-1.5703689180728055,-0.809618402956211,1.035875576172053,0.7235048218228517,12.933780016614541,-14.685908437559945
0.5716867299285173,-1.4178113775589853,-0.7071276452098845,0.9806140144291771,0.5716867299285173,12.933780016614541,-14.685908437559945
0.44835358307678774,-1.0143951023903028,-0.619474674310192,0.747066753677089,0.44835358307678774,12.933780016614541,-14.685908437559945
0.3738786007695527,-0.4594974014352289,-0.5616532284913545,0.3959113962862393,0.3738786007695527,12.933780016614541,-14.685908437559945
0.3575545814298611,0.1286059308500338,-0.541648742594095,0.004064859300234147,0.3575545814298611,12.933780016614541,-14.685908437559945
0.39690258757526653,0.6366719244555838,-0.5596064830741909,-0.3512532817571046,0.39690258757526653,12.933780016614541,-14.685908437559945
0.3784298978652787,-0.9729283807812905,-0.5269447507408493,0.9713632899711389,0.3784298978652787,-8.258290914836167,2.4661499069390693
0.34615514004900305,0.3165874739994443,-0.43126728624461386,0.9112012769956763,0.34615514004900305,19.60263677890832,-9.2168491161714
0.4356159204043655,1.4241344626713133,-0.35023031298983565,0.686210756970544,0.4356159204043655,19.60263677890832,-9.2168491161714
0.6184827206666297,2.159727357583815,-0.2976084586638814,0.35418960687920453,0.6184827206666297,19.60263677890832,-9.2168491161714
0.7552764418784594,0.5572779258924747,-0.16712765812072217,2.181143560571069,0.7552764418784594,-0.6509358598210753,14.621555276729048
0.7315913129875788,-0.9969840028966743,0.11905778549708934,3.4259806262954164,0.7315913129875788,-0.6509358598210753,14.621555276729048
0.5671343566477116,-2.2167366458838362,0.49256357997786004,3.911111352713732,0.5671343566477116,-0.6509358598210753,14.621555276729048
0.3060805993867248,-2.9054990786539765,0.8751715401277167,3.61800996783694,0.3060805993867248,-0.6509358598210753,14.621555276729048
0.006486828007238543,-2.9848832513389993,1.1943992633130378,2.675602421050641,0.006486828007238543,-0.6509358598210753,14.621555276729048
-0.28707783525397357,-2.791485508699818,1.2397043616856678,-1.7110451016461283,-0.28707783525397357,-3.8400896938161537,-18.338901801567598
-0.4854547318797575,-1.1374118420455517,1.0084286884614642,-2.8185763583991434,-0.4854547318797575,6.555010138524182,9.278392735002853
-0.5842924373120457,-0.8117391309015911,0.6503707533202121,-4.19972471351376,-0.5842924373120457,-8.4835924999472,-0.5731778229529247
-0.6437556432887472,-0.36511979726594035,0.19928788722073953,-4.663359211961533,-0.6437556432887472,-8.4835924999472,-0.5731778229529247
-0.6564603164765392,0.10734188153555202,-0.25153667568168014,-4.209991611770282,-0.6564603164765392,-8.4835924999472,-0.5731778229529247
-0.6244791344704073,0.5147511912474236,-0.617742633130808,-3.011767936503455,-0.6244791344704073,-8.4835924999472,-0.5731778229529247
-0.5580505993184062,0.7870442923937642,-0.8388402116353175,-1.3638446005334028,-0.5580505993184062,-8.4835924999472,-0.5731778229529247
-0.4728859264135634,0.8861080969798678,-0.8872496649946671,0.3825390974370677,-0.4728859264135634,-8.4835924999472,-0.5731778229529247
-0.38670912298337967,0.809887763231746,-0.7703459052937962,1.8911314674198145,-0.38670912298337967,-8.4835924999472,-0.5731778229529247
-0.2992616739161331,0.9081856029491764,-0.6023884582527117,1.4197823025536387,-0.2992616739161331,-5.018636545020399,-16.682402991328424
-0.21108929500742413,0.8271433172191038,-0.49378658131034303,0.7275412760131967,-0.21108929500742413,-5.018636545020399,-16.682402991328424
-0.1387647485563166,0.5989922983597893,-0.45922097779603277,-0.03500502778645398,-0.1387647485563166,-5.018636545020399,-16.682402991328424
-0.09431743567628459,0.2804345286971568,-0.4981167337656309,-0.7184371181152382,-0.09431743567628459,-5.018636545020399,-16.682402991328424
-0.08341421009432715,-0.060298346415876836,-0.5962024616549355,-1.2023575842354397,-0.08341421009432715,-5.018636545020399,-16.682402991328424
-0.021885341333821806,1.248342981616922,-0.7068267568570157,-0.9769180458822451,-0.021885341333821806,12.42993709791962,-11.919898343673275
0.08676186438218281,0.8942103066570937,-0.6400701140798004,2.2357868777278114,0.08676186438218281,-1.7467983414049932,18.78845786570819
0.15248224654698905,0.4064071145340282,-0.28402765137158514,4.72426887082195,0.15248224654698905,-1.7467983414049932,18.78845786570819
0.16706015253393325,-0.1110444576878642,0.2671308185485346,6.0916832215016115,0.16706015253393325,-1.7467983414049932,18.78845786570819
0.13263346676551802,-0.5584708988253713,0.891677750915596,6.188763645721444,0.13263346676551802,-1.7467983414049932,18.78845786570819
0.060309582792458016,-0.8587889682014413,1.4657292229407348,5.118231475550289,0.060309582792458016,-1.7467983414049932,18.78845786570819
-0.03276823554546482,-0.9697875153712197,1.8866454724650676,3.1915717526585006,-0.03276823554546482,-1.7467983414049932,18.78845786570819
-0.12720359834303618,-0.8886985835439436,2.09020649643999,0.8508521475744146,-0.12720359834303618,-1.7467983414049932,18.78845786570819
-0.2919942490724319,-2.3278582943221906,1.9716025405943487,-3.116686921882196,-0.2919942490724319,-19.990969404858742,0.419928185594749
-0.573538691401243,-3.1943547519617024,1.4991835430672715,-6.123314681874098,-0.573538691401243,-19.990969404858742,0.419928185594749
-0.9080300763940716,-3.3804953270840254,0.7950400858265363,-7.697709190434837,-0.9080300763940716,-19.990969404858742,0.419928185594749
-1.0952878553681837,-0.35284022984649965,0.005616901074436242,-7.8246406552571965,-1.0952878553681837,7.864458714262401,-1.1362141496392333
-0.9861138036038186,2.4527353257710196,-0.7203668631598248,-6.474917271394217,-0.9861138036038186,7.864458714262401,-1.1362141496392333
-0.62915372953666,4.53224627759592,-1.2530661545041126,-4.041701701811825,-0.62915372953666,7.864458714262401,-1.1362141496392333
-0.11479794502966545,5.565539259218792,-1.5111624458631239,-1.083524262091487,-0.11479794502966545,7.864458714262401,-1.1362141496392333
0.4456992817086336,5.45876260455154,-1.4724770049052784,1.7959518201153575,0.4456992817086336,7.864458714262401,-1.1362141496392333
0.9430347706462294,4.340407790307381,-1.1724968439031191,4.0652477378267164,0.9430347706462294,7.864458714262401,-1.1362141496392333
1.2901349300432692,2.516070206149754,-0.6922369031633915,5.357698755110096,1.2901349300432692,7.864458714262401,-1.1362141496392333
1.4363251299178303,0.394393662325502,-0.1387432612936239,5.524331465117623,1.4363251299178303,7.864458714262401,-1.1362141496392333
1.37335928544708,-1.5992082512095536,0.37741651563584,4.641079667643041,1.37335928544708,7.864458714262401,-1.1362141496392333
1.0703582013378714,-4.313925918211144,0.7423074760516579,2.5694827515364356,1.0703582013378714,-5.286284122168638,-5.5232096692277075
0.5463757743242326,-5.962850556511783,0.8818440197672412,0.21408431963794428,0.5463757743242326,-5.286284122168638,-5.5232096692277075
-0.07948437283890364,-6.33875913023758,0.7913517511964692,-1.957239213197301,-0.07948437283890364,-5.286284122168638,-5.5232096692277075
-0.6803824702374301,-5.492437528746395,0.5096590607600726,-3.555590423804791,-0.6803824702374301,-5.286284122168638,-5.5232096692277075
-1.1462200928137483,-3.698611139399942,0.1076878274313966,-4.336322781037416,-1.1462200928137483,-5.286284122168638,-5.5232096692277075
-1.4026549209293404,-1.3832013855050658,-0.3278773279932423,-4.23110137662273,-1.4026549209293404,-5.286284122168638,-5.5232096692277075
-1.4216181917880792,0.9707673079404078,-0.71231273931018,-3.3439384628057027,-1.4216181917880792,-5.286284122168638,-5.5232096692277075
-1.222158846039323,2.919018861686242,-0.9785269201736151,-1.9153013362902307,-1.222158846039323,-5.286284122168638,-5.5232096692277075
-0.8623970196718904,4.135502565223199,-1.0879423063840115,-0.2641237212803862,-0.8623970196718904,-5.286284122168638,-5.5232096692277075
-0.4249259109883212,4.462156537309383,-1.0349998878006605,1.2793563527976204,-0.4249259109883212,-5.286284122168638,-5.5232096692277075
0.07281848701371985,5.312026016006648,-0.8055063119495101,3.2015211050444243,0.07281848701371985,9.813258533007826,2.7902700853092313
0.601407123035723,5.086742431553173,-0.42096742942799814,4.341526042355902,0.601407123035723,9.813258533007826,2.7902700853092313
1.0589641282191655,3.930785661116417,0.03188502422425721,4.5604163760369225,1.0589641282191655,9.813258533007826,2.7902700853092313
1.3547537076675358,1.9197942460430149,0.5092460450199274,4.822746277035691,1.3547537076675358,7.321590806548066,12.764560795101929
1.4373396284578028,-0.2591535514322114,0.9653202525398283,4.15741732449346,1.4373396284578028,7.321590806548066,12.764560795101929
1.3115530103024646,-2.1822537427680118,1.3167724336173343,2.777230555899635,1.3115530103024646,7.321590806548066,12.764560795101929
1.0207674130847701,-3.5138763664835446,1.507771523531134,1.0085603655070141,1.0207674130847701,7.321590806548066,12.764560795101929
0.6351126436960168,-4.061067494544095,1.5178376692419864,-0.7805749269225739,0.6351126436960168,7.321590806548066,12.764560795101929
0.23580236569054502,-3.79605597232138,1.3623051387363274,-2.253343844218932,0.23580236569054502,7.321590806548066,12.764560795101929
-0.10112306559440754,-2.84573950252266,1.0860450935877122,-3.1641885730708115,-0.10112306559440754,7.321590806548066,12.764560795101929
-0.3185383275320204,-1.4532123745648384,0.7522554194353166,-3.396105418059074,-0.3185383275320204,7.321590806548066,12.764560795101929
-0.3871206936235092,0.07880707832643274,0.42888613963157685,-2.970285704434545,-0.3871206936235092,7.321590806548066,12.764560795101929
-0.35016950576568373,0.6384710970209397,0.1442387122594324,-2.6331161528512297,-0.35016950576568373,-1.5003228738184262,6.1999436735541416
-0.21352483453757642,2.025465425034046,-0.029752835587707693,-0.8189709438037074,-0.21352483453757642,9.367642270917607,17.243001085728473
-0.04306339053243935,1.3382752477600377,-0.09294538642644579,-0.4302619612308227,-0.04306339053243935,-7.618200309415359,1.9631625395687777
0.0479394227596881,0.46598789533030427,-0.11435426455838904,0.0019905746856192508,0.0479394227596881,-7.618200309415359,1.9631625395687777
0.05001290469993336,-0.41051374279764197,-0.09394905314055801,0.3927375040387666,0.05001290469993336,-7.618200309415359,1.9631625395687777
-0.028768948122555038,-1.1267675733039368,-0.03952797747291381,0.6727894111020518,-0.028768948122555038,-7.618200309415359,1.9631625395687777
-0.16596532775659156,-1.5639599523617154,0.03548550512127768,0.8002625042722045,-0.16596532775659156,-7.618200309415359,1.9631625395687777
-0.3303384250440331,-1.666820063251894,0.11509160358622417,0.7658183932922071,-0.3303384250440331,-7.618200309415359,1.9631625395687777
-0.4829452846266227,-1.3397768899761218,0.12431736144141681,-0.5621102360080545,-0.4829452846266227,-6.443238771323564,-10.570925387863326
-0.5909352294893377,-0.7930843089799104,0.010465976720162473,-1.6584575435171978,-0.5909352294893377,-6.443238771323564,-10.570925387863326
-0.6383416060872706,-0.14996991829464257,-0.19344039653101763,-2.3400574333199398,-0.6383416060872706,-6.443238771323564,-10.570925387863326
-0.6220548734636413,0.4600127233760549,-0.44066597449689837,-2.5187866832129444,-0.6220548734636413,-6.443238771323564,-10.570925387863326
-0.5223374499868436,1.4838079008653793,-0.5667760357623433,-0.0034543965637912066,-0.5223374499868436,-0.3799195845045489,13.397148405963044
-0.33789682314968683,2.132445487604876,-0.44941919361392113,2.2731590599574414,-0.33789682314968683,-0.3799195845045489,13.397148405963044
-0.05742511024786623,3.3625830085181203,-0.2113029908582824,2.4073035981700492,-0.05742511024786623,10.947389791960205,-2.9069052687045556
0.18220390745871473,1.3830833364930015,-0.008128179786337952,1.6017701660258297,0.18220390745871473,-15.819817274593241,-8.08309693635505
0.216872090185543,-0.6669197865355319,0.10158594934955012,0.5730830534540843,0.216872090185543,-15.819817274593241,-8.08309693635505
0.05959488056943307,-2.3970074249855227,0.10619753286766898,-0.4649773180197858,0.05959488056943307,-15.819817274593241,-8.08309693635505
-0.24192295909716144,-3.513803127399836,0.014845804224627557,-1.3172241767499226,-0.24192295909716144,-15.819817274593241,-8.08309693635505
-0.6175202154172466,-3.866630571110477,-0.14623927684821414,-1.8418209490093513,-0.6175202154172466,-15.819817274593241,-8.08309693635505
-0.9898457713498923,-3.462155281848897,-0.340270804172107,-1.9717595589527654,-0.9898457713498923,-15.819817274593241,-8.08309693635505
-1.2895222135402191,-2.448131703801822,-0.5277971765115588,-1.7202662055585165,-1.2895222135402191,-15.819817274593241,-8.08309693635505
-1.4673686645733994,-1.0723754617286385,-0.6743356167036065,-1.170714957500973,-1.4673686645733994,-15.819817274593241,-8.08309693635505
-1.5010938309810538,0.384695660091662,-0.6607479333194677,1.3948670242740278,-1.5010938309810538,-15.694803676210935,12.01191388897648
-1.3975267672066605,1.6311049287342776,-0.4123623236303189,3.455221846188202,-1.3975267672066605,-15.694803676210935,12.01191388897648
-1.1891178394864879,2.453598228643422,0.001985215450012845,4.672773466835064,-1.1891178394864879,-15.694803676210935,12.01191388897648
-0.9248516237334723,2.7385713643009133,0.48894855472030674,4.899837356014057,-0.9248516237334723,-15.694803676210935,12.01191388897648
-0.6595086484833281,2.483832779497261,0.9504681009674156,4.188165081150004,-0.6595086484833281,-15.694803676210935,12.01191388897648
-0.438508156576491,1.8725221795126288,1.1973508093219198,0.7249920359184703,-0.438508156576491,-14.780956259634628,-10.105550140981805
-0.2947940469741823,0.9688945346361635,1.1020444911609122,-2.544300966127828,-0.2947940469741823,-14.780956259634628,-10.105550140981805
-0.12015886614091809,2.4407384071006977,0.8384374919018942,-2.6381129183275753,-0.12015886614091809,12.069230744572884,15.846208555134147
0.1733009937913197,3.315667916224685,0.5912828686835265,-2.229207611742316,0.1733009937913197,12.069230744572884,15.846208555134147
0.51935024913546,3.4867461113486957,0.4052728413346198,-1.4419685146493464,0.51935024913546,12.069230744572884,15.846208555134147
0.8482133083123848,2.9888987948516466,0.3094088514985298,-0.4597368828634547,0.8482133083123848,12.069230744572884,15.846208555134147
1.099969176126729,1.978981587535909,0.31305468336597464,0.51507323047616,1.099969176126729,12.069230744572884,15.846208555134147
1.254720366616123,1.0793990748811098,0.24707584106783553,-1.7741523685112206,1.254720366616123,16.249095333551715,-17.568041798374313
1.31196467157395,0.06339034847992586,-0.02328311118851989,-3.5134525752454753,1.31196467157395,16.249095333551715,-17.568041798374313
1.2702657851094905,-0.8677988373869585,-0.4279712493513932,-4.429608460847032,1.2702657851094905,16.249095333551715,-17.568041798374313
1.1468443545314644,-1.547942437235955,-0.8784571630528522,-4.4294677831405425,1.1468443545314644,16.249095333551715,-17.568041798374313
0.9725791084006659,-1.8736380961232566,-1.2860670758535524,-3.6002743308704233,0.9725791084006659,16.249095333551715,-17.568041798374313
0.7849241794686872,-1.8176401975076892,-1.5785858450118395,-2.1760920467756453,0.7849241794686872,16.249095333551715,-17.568041798374313
0.6202797759119818,-1.426751825312234,-1.7122103514286717,-0.4801235078187016,0.6202797759119818,16.249095333551715,-17.568041798374313
0.507274007530528,-0.8060014070129604,-1.6770474733445724,1.1443273659156823,0.507274007530528,16.249095333551715,-17.568041798374313
0.46214414938831183,-0.093463668105489,-1.4957460616607143,2.3999984646950203,0.46214414938831183,16.249095333551715,-17.568041798374313
0.4868780423116199,0.5687609803006133,-1.2161470030672508,3.0869589077507182,0.4868780423116199,16.249095333551715,-17.568041798374313
0.570197871266485,1.0615089695091289,-0.8999380858757569,3.1307461818675897,0.570197871266485,16.249095333551715,-17.568041798374313
0.6909331073224854,1.3086864585643774,-0.6097864874943841,2.5843810790817265,0.6909331073224854,16.249095333551715,-17.568041798374313
0.8229259522036916,1.2873860369149241,-0.39752336611678807,1.606265592538973,0.8229259522036916,16.249095333551715,-17.568041798374313
0.9434176841470645,1.0855599674414442,-0.24385419113031936,1.4188979552326373,0.9434176841470645,16.883884683780167,-6.719367266228238
1.0443618916984256,0.9026406355492451,-0.0039245498009377044,3.2684463112786943,1.0443618916984256,19.08868204841174,18.10791830033915
1.118868394136431,0.5681768853467553,0.3833748432861226,4.330229333675042,1.118868394136431,19.08868204841174,18.10791830033915
1.0213068281156845,-2.43633546354922,0.72905412399792,2.4985282392142096,1.0213068281156845,-9.116746027282097,-3.4294410467244703
0.6565482771746307,-4.698920139501716,0.8732843356999807,0.37347729920688977,0.6565482771746307,-9.116746027282097,-3.4294410467244703
0.11828975154359256,-5.866661690856169,0.8082355276863549,-1.6192504560835292,0.11828975154359256,-9.116746027282097,-3.4294410467244703
-0.3458257922978367,-3.303460946051006,0.5592833886998143,-3.249203639526973,-0.3458257922978367,18.286686595979056,-4.841497908622701
-0.5299052423691073,-0.3658607015818678,0.18402887080602692,-4.115878338498002,-0.5299052423691073,18.286686595979056,-4.841497908622701
-0.4727156978127791,1.4598901877234471,-0.2766478903481131,-4.929948662841278,-0.4727156978127791,8.497969977299832,-13.537832554522025
-0.2529577635982614,2.838642797392195,-0.7684008476652702,-4.743787816899912,-0.2529577635982614,8.497969977299832,-13.537832554522025
0.07276373206007314,3.554875036016842,-1.1962297742779135,-3.6874354719889197,0.07276373206007314,8.497969977299832,-13.537832554522025
0.43340169424794617,3.5375674404155824,-1.4861405682156477,-2.0414043186579605,0.43340169424794617,8.497969977299832,-13.537832554522025
0.7064131992000275,1.8595290435209417,-1.5158735586944543,1.3989531769234667,0.7064131992000275,-2.371388763584772,3.510868218373936
0.747689834742661,-0.9998172382889248,-1.2899654549153938,3.016522595966789,0.747689834742661,-13.161566350197367,-9.893930225089909
0.5219138679408335,-3.399918522528118,-0.9367010379685619,3.915541617829792,0.5219138679408335,-13.161566350197367,-9.893930225089909
0.09676136453022721,-4.935239181835819,-0.534324002708872,3.99612102384169,0.09676136453022721,-13.161566350197367,-9.893930225089909
-0.42922060544137075,-5.4007112119460885,-0.16281945979145274,3.3210619613815417,-0.42922060544137075,-13.161566350197367,-9.893930225089909
-0.9479853578719064,-4.8110069972093585,0.11121252475095922,2.0886218319376546,-0.9479853578719064,-13.161566350197367,-9.893930225089909
-1.3573065309767802,-3.2644943816936465,0.2918527743758421,1.4740905893681102,-1.3573065309767802,-11.93984499084467,-0.20539110508347136
-1.5853639802779678,-1.2541242371999584,0.3987531301654892,0.6421285740937144,-1.5853639802779678,-11.93984499084467,-0.20539110508347136
-1.6067199097589602,0.7996722474644677,0.41892152549713124,-0.23085125694570685,-1.6067199097589602,-11.93984499084467,-0.20539110508347136
-1.4370486056532297,2.508345417310853,0.35683715103792846,-0.9775463627468124,-1.4370486056532297,-11.93984499084467,-0.20539110508347136
-1.126287550596385,3.5849347099492395,0.23194838817202523,-1.4702190644133957,-1.126287550596385,-11.93984499084467,-0.20539110508347136
-0.74602585244262,3.888056654607091,0.07360608310792305,-1.6408171591071827,-0.74602585244262,-11.93984499084467,-0.20539110508347136
-0.3740552189538979,3.434576241198874,-0.08536754123586121,-1.4880567315396522,-0.3740552189538979,-11.93984499084467,-0.20539110508347136
-0.07921119676265054,2.3813857676817243,-0.21515605760838863,-1.0713073018557395,-0.07921119676265054,-11.93984499084467,-0.20539110508347136
0.10002185298485777,1.1637760788658582,-0.26907847755868275,-0.006969574574730686,0.10002185298485777,-9.971989166705963,5.083837151225442
0.15015266282967055,-0.15579495190273818,-0.2199269504852559,0.9573905065738408,0.15015266282967055,-9.971989166705963,5.083837151225442
0.07408238537591139,-1.3206313030050278,-0.08670937232709441,1.65077960737365,0.07408238537591139,-9.971989166705963,5.083837151225442
-0.10194002173029482,-2.12742788221332,0.09763853756946084,1.9691988529496136,-0.10194002173029482,-9.971989166705963,5.083837151225442
-0.335456383612839,-2.4592598524626315,0.2937471598085821,1.8887409704724902,-0.335456383612839,-9.971989166705963,5.083837151225442
-0.5772880301564669,-2.2991918593537797,0.46378990478373083,1.4624064462757502,-0.5772880301564669,-9.971989166705963,5.083837151225442
-0.8197859200002213,-2.4668600090050283,0.4596062422621481,-1.4950551117504958,-0.8197859200002213,-18.044509726818077,-19.887998336341617
-1.0546380165830485,-2.1568413170470127,0.18366894314533067,-3.891246959210834,-1.0546380165830485,-18.044509726818077,-19.887998336341617
-1.238613402818058,-1.472619344644686,-0.28651383114927054,-5.3310708825148705,-1.238613402818058,-18.044509726818077,-19.887998336341617
-1.3421205299928554,-0.5778703424333838,-0.8444535621353317,-5.636063766928397,-1.3421205299928554,-18.044509726818077,-19.887998336341617
-1.3534379898993967,0.3399010980083528,-1.377367116902823,-4.857069825118417,-1.3534379898993967,-18.044509726818077,-19.887998336341617
-1.2792230657131616,1.1067136523288958,-1.7878852577644917,-3.2430889336379476,-1.2792230657131616,-18.044509726818077,-19.887998336341617
-1.1415062535018166,1.5934042285882306,-2.0108163075984873,-1.1756761659960837,-1.1415062535018166,-18.044509726818077,-19.887998336341617
-0.8078298269806856,4.9128019972486605,-1.9010290466364137,3.260225939650825,-0.8078298269806856,16.48257340107213,5.596785851070329
-0.20044849461283842,6.996774965954543,-1.393490042920896,6.663771471751218,-0.20044849461283842,16.48257340107213,5.596785851070329
0.5409081547845958,7.572797500087223,-0.6210432769726717,8.49612035190205,0.5409081547845958,16.48257340107213,5.596785851070329
1.2647256645495304,6.676582372922844,0.246515189521733,8.563853955181582,1.2647256645495304,16.48257340107213,5.596785851070329
1.8371984286961505,4.615960473051754,1.037757056208493,7.022204974117344,1.8371984286961505,16.48257340107213,5.596785851070329
2.165569590136224,1.8874386430182142,1.6118366550692738,4.312876600700836,2.165569590136224,16.48257340107213,5.596785851070329
2.211608684448385,-0.934697883370923,1.8819685701748075,1.0541293240833625,2.211608684448385,16.48257340107213,5.596785851070329
1.9935647531348302,-3.313330223517138,1.8265159594547695,-2.091825633399445,1.9935647531348302,16.48257340107213,5.596785851070329
1.5773824269645225,-4.845428552184693,1.4868420984759396,-4.546858630165891,1.5773824269645225,16.48257340107213,5.596785851070329
0.892190019353702,-8.566936609795174,0.9184843166313641,-6.595902579140662,0.892190019353702,-18.74922322160004,-1.778310933447088
-0.07026418860227501,-10.330807695228103,0.21565106274703538,-7.215383378599263,-0.07026418860227501,-18.74922322160004,-1.778310933447088
-1.1034489340806592,-9.993109458279081,-0.4773065023448968,-6.425342073018118,-1.1034489340806592,-18.74922322160004,-1.778310933447088
-2.007244906436858,-7.817100610062161,-1.0316240801090828,-4.50782819937621,-2.007244906436858,-18.74922322160004,-1.778310933447088
-2.451105060515805,-1.0255815631978376,-1.269517569804738,-0.24203506713807066,-2.451105060515805,17.757311346217563,16.5542123187873
-2.227755200390252,5.3116134943899596,-1.0922241815819946,3.6631241633655023,-2.227755200390252,17.757311346217563,16.5542123187873
-1.4873315454462195,9.184367484901856,-0.5989619480388519,5.998047293104868,-1.4873315454462195,8.333592949866755,10.979734113317562
-0.4609838211788144,10.969527038997661,0.06222854821921864,6.988107751971935,-0.4609838211788144,8.333592949866755,10.979734113317562
0.6319774076420783,10.531546584838573,0.7516114370942182,6.575927512779984,0.6319774076420783,8.333592949866755,10.979734113317562
1.580629184992988,8.163999581872172,1.3374632454733462,4.972120139553802,1.580629184992988,8.333592949866755,10.979734113317562
2.2211476651352626,4.493671503774721,1.719984108761846,2.590286551640631,2.2211476651352626,8.333592949866755,10.979734113317562
2.462961346780828,0.33152165065514616,1.8469218143920259,-0.049720410246539615,2.462961346780828,8.333592949866755,10.979734113317562
2.298748353195487,-3.496621206201315,1.7188372154573024,-2.429204183512038,2.298748353195487,8.333592949866755,10.979734113317562
1.7978874208013913,-6.305980733827212,1.3839756021904916,-4.127559437857295,1.7978874208013913,8.333592949866755,10.979734113317562
1.086162794842176,-7.667710015511751,0.9246914140744922,-4.891742542332879,1.086162794842176,8.333592949866755,10.979734113317562
0.24851692270309655,-8.78633906174362,0.38990926097776146,-5.612974224136632,0.24851692270309655,-6.0293019796605485,0.7062127195355785
-0.6123583065568097,-8.153916224807327,-0.16035301697584892,-5.214952157406127,-0.6123583065568097,-6.0293019796605485,0.7062127195355785
-1.3331196750816643,-6.055479370943056,-0.6216280047243172,-3.8787060723345217,-1.3331196750816643,-6.0293019796605485,0.7062127195355785
-1.7921944128536893,-3.023304635876512,-0.9160461886308369,-1.9436262562795807,-1.7921944128536893,-6.0293019796605485,0.7062127195355785
-1.928554218456731,0.2862044881028254,-1.0043759655098814,0.1711026507982858,-1.928554218456731,-6.0293019796605485,0.7062127195355785
-1.747387051988472,3.2272141281141096,-0.8896965802581196,2.0525702046590837,-1.747387051988472,-6.0293019796605485,0.7062127195355785
-1.3128219772479834,5.28431494331781,-0.6127935669712326,3.3708147828792185,-1.3128219772479834,-6.0293019796605485,0.7062127195355785
-0.7303073079264415,6.156563827046551,-0.24093040671553556,3.9326787661646243,-0.7303073079264415,-6.0293019796605485,0.7062127195355785
-0.12295845064312427,5.7934471039653435,0.14725023336784737,3.7049717697209257,-0.12295845064312427,-6.0293019796605485,0.7062127195355785
0.39318292946614974,4.3804943402323016,0.4775391965075215,2.8054541495695773,0.39318292946614974,-6.0293019796605485,0.7062127195355785
0.7301892157735139,2.2820873940628275,0.6936247916692819,1.466429038794434,0.7301892157735139,-6.0293019796605485,0.7062127195355785
0.8420230116058489,-0.04378404522663537,0.7659257639462425,-0.01965280246739809,0.8420230116058489,-6.0293019796605485,0.7062127195355785
0.7291823133198951,-2.140125812581525,0.6945936855735528,-1.360637726675769,0.7291823133198951,-6.0293019796605485,0.7062127195355785
0.43416965538134544,-3.636405483327806,0.5066492539918439,-2.3193395993378116,0.43416965538134544,-6.0293019796605485,0.7062127195355785
0.029537030534911857,-4.309646743860433,0.2483662074729418,-2.75268375114279,0.029537030534911857,-6.0293019796605485,0.7062127195355785
-0.39854524952032655,-4.112155628796533,-0.025216775170894934,-2.6295517833553976,-0.39854524952032655,-6.0293019796605485,0.7062127195355785
-0.7141635822547006,-2.127945244317482,-0.24399502180326493,-1.6886325032791305,-0.7141635822547006,5.2268871969662065,4.371846369758181
-0.7875149322098745,0.6390228325443914,-0.31697263284137467,0.22143605387575604,-0.7875149322098745,11.456755809127934,12.441863714619934
-0.6284077798498506,2.4593822467101347,-0.3019005467560305,0.07738106359913566,-0.6284077798498506,5.3311296968838064,-7.454465576403447
-0.4014866654607401,2.01067801223855,-0.19188089593079027,2.0530774608339932,-0.4014866654607401,-12.441626075032314,15.58904039587079
-0.23745017961411907,1.2283280407691688,0.08947705346489165,3.4564731080296376,-0.23745017961411907,-12.441626075032314,15.58904039587079
-0.1610149857710228,0.29051405811661546,0.4732064268193312,4.079371693712293,-0.1610149857710228,-12.441626075032314,15.58904039587079
-0.17815538615657545,-0.6124341854428561,0.8777422339734215,3.8794218333811834,-0.17815538615657545,-12.441626075032314,15.58904039587079
-0.2767556209946731,-1.3148265329411064,1.2253850405510605,2.9723764612681443,-0.2767556209946731,-12.441626075032314,15.58904039587079
-0.43060954769011683,-1.7042778147506503,1.4564792538786797,1.595289524337133,-0.43060954769011683,-12.441626075032314,15.58904039587079
-0.605661029972314,-1.7376703045914148,1.5388596230418798,0.05065168161282685,-0.605661029972314,-12.441626075032314,15.58904039587079
-0.7671281482552201,-1.4426319733011894,1.4712564909728076,-1.3564795149057964,-0.7671281482552201,-12.441626075032314,15.58904039587079
-0.8860804319827773,-0.9056480235357629,1.280599183844286,-2.375804990792849,-0.8860804319827773,-12.441626075032314,15.58904039587079
-0.9442989647697608,-0.25025118542551184,1.0142835748571413,-2.8534383914002905,-0.9442989647697608,-12.441626075032314,15.58904039587079
-0.9366658611489553,0.38961550268181355,0.7293572585630024,-2.751523904687023,-0.9366658611489553,-12.441626075032314,15.58904039587079
-0.877690380324311,0.7638995775940636,0.35282464970426375,-4.621866994325384,-0.877690380324311,-13.87352771214508,-11.334344326321254
-0.7898843193751874,0.9595858595563307,-0.15999189168942074,-5.449141366852633,-0.7898843193751874,-13.87352771214508,-11.334344326321254
-0.6924256393894037,0.9570366560720025,-0.7001400664946624,-5.177728966390619,-0.6924256393894037,-13.87352771214508,-11.334344326321254
-0.6228868407026509,0.4194934331616107,-1.0632258300956252,-2.0155610296365385,-0.6228868407026509,-17.743262064611613,9.828290933490766
-0.6094318091654554,-0.14541346555784251,-1.100767561593993,1.222943221496429,-0.6094318091654554,-17.743262064611613,9.828290933490766
-0.6492414012972061,-0.6293464796300814,-0.8367207527172678,3.9243695704374453,-0.6492414012972061,-17.743262064611613,9.828290933490766
-0.7297953120022846,-0.9494319726635307,-0.3492090893303761,5.6341932630292355,-0.7297953120022846,-17.743262064611613,9.828290933490766
-0.7680791250775165,0.17763634396138706,0.16773185180756656,4.549966387002929,-0.7680791250775165,-4.27936705567822,-7.305999794856318
-0.6990046838429036,1.1642012771229098,0.5357098161446512,2.7172821474867597,-0.6990046838429036,-4.27936705567822,-7.305999794856318
-0.5457172903653431,1.8389755534350627,0.7000250823922567,0.5503937190298984,-0.5457172903653431,-4.27936705567822,-7.305999794856318
-0.3857149133551605,1.3163402265657496,0.6218995534246572,-2.043239421012906,-0.3857149133551605,-12.853159077647692,-13.064733297229058
-0.22013135996266442,1.929686365393632,0.3800005583380255,-2.7028005157189794,-0.22013135996266442,1.6283118885491916,1.1146333980953536
-0.013862668814105028,2.1234762312398594,0.10042566546054932,-2.793699527610002,-0.013862668814105028,1.6283118885491916,1.1146333980953536
0.19061164640208972,1.9013566908298962,-0.16091080920654477,-2.353028957721829,0.19061164640208972,1.6283118885491916,1.1146333980953536
0.3551884370799172,1.3444897151422595,-0.35682723926912363,-1.5138678512215105,0.3551884370799172,1.6283118885491916,1.1146333980953536
0.4500938311094913,0.5354363924893555,-0.53417468493946,-1.966195078451566,0.4500938311094913,1.046654872751244,-15.131195194472683
0.4615159786310983,-0.2968463998518942,-0.7362706035274762,-2.007450808858559,0.4615159786310983,1.046654872751244,-15.131195194472683
0.39526198006662483,-0.9943638148812841,-0.9229320075791412,-1.669034409965171,0.39526198006662483,1.046654872751244,-15.131195194472683
0.27793777167576117,-1.3076308045033223,-0.9541973340485175,1.009238836499268,0.27793777167576117,2.4783911683134505,7.250966086092689
0.1429501874168846,-1.3463305490355442,-0.7360255851900135,3.2437342860677774,0.1429501874168846,2.4783911683134505,7.250966086092689
0.017246493264215346,-1.1293486713179348,-0.3329908361007963,4.6584420438684475,0.017246493264215346,2.4783911683134505,7.250966086092689
0.29877697219354893,-1.0857700758338993,-0.39535889698274396,-0.7822242278460347,0.29877697219354893,-11.3409558417457,-8.958362291204923
0.11647262911719558,-2.4760422399593836,-0.4723424330352204,-0.7325405999923085,0.11647262911719558,-11.3409558417457,-8.958362291204923
-0.17642017682070144,-3.2705621119373474,-0.5374284065215882,-0.5504726559712569,-0.17642017682070144,-11.3409558417457,-8.958362291204923
-0.5145570766965086,-3.3773286001283527,-0.579567553794524,-0.28269700075044213,-0.5145570766965086,-11.3409558417457,-8.958362291204923
-0.8303412612724674,-2.841773224390579,-0.5930547668196784,0.012511225062969089,-0.8303412612724674,-11.3409558417457,-8.958362291204923
-1.066794937861614,-1.8252688165036464,-0.5780926023695248,0.27728709897896486,-1.066794937861614,-11.3409558417457,-8.958362291204923
-1.187205961299167,-0.5638547878525859,-0.5401888382339894,0.4649641058695977,-1.187205961299167,-11.3409558417457,-8.958362291204923
-1.1800798481754255,0.6830576098747407,-0.488621346570997,0.5477511727029096,-1.1800798481754255,-11.3409558417457,-8.958362291204923
-1.0588882370747799,1.6834572038565945,-0.4343426795876333,0.5201350534836848,-1.0588882370747799,-11.3409558417457,-8.958362291204923
-0.857170274110298,2.2735645333794796,-0.38777001729536753,0.39779214341271896,-0.857170274110298,-11.3409558417457,-8.958362291204923
-0.6203446632232339,2.3819634986338993,-0.35688746258369886,0.21263513417041224,-0.6203446632232339,-11.3409558417457,-8.958362291204923
-0.3960793731545902,2.034202912386755,-0.3459823476360331,0.005297531921669929,-0.3960793731545902,-11.3409558417457,-8.958362291204923
-0.22515531072528816,1.338779843625037,-0.35519483369956895,-0.18330234417465974,-0.22515531072528816,-11.3409558417457,-8.958362291204923
-0.13449007215045672,0.4589497402811986,-0.38088602893955414,-0.319645282006741,-0.13449007215045672,-11.3409558417457,-8.958362291204923
-0.13341755892276375,-0.42305814511883,-0.4166792345901733,-0.38318327464329016,-0.13341755892276375,-11.3409558417457,-8.958362291204923
-0.21361126206712466,-1.14194821402109,-0.4549134294643933,-0.3689531344495016,-0.21361126206712466,-11.3409558417457,-8.958362291204923
-0.35232757422491456,-1.578681320167009,-0.4881997072905433,-0.2870186239509298,-0.35232757422491456,-11.3409558417457,-8.958362291204923
-0.5180334705864356,-1.6783718299876966,-0.5107789767521567,-0.159159108394471,-0.5180334705864356,-11.3409558417457,-8.958362291204923
-0.6771455074585413,-1.4544284796797449,-0.5194437510688568,-0.013675862821095564,-0.6771455074585413,-11.3409558417457,-8.958362291204923
-0.8005087675008138,-0.9795557964124164,-0.5138958689251414,0.1205233730370221,-0.8005087675008138,-11.3409558417457,-8.958362291204923
-0.8684342860171137,-0.36652888299472863,-0.4965267018054913,0.21939252011383203,-0.8684342860171137,-11.3409558417457,-8.958362291204923
-0.8734837357307352,0.25676495635422825,-0.4717121441561032,0.26778809695119676,-0.8734837357307352,-11.3409558417457,-8.958362291204923
-0.8206955203761073,0.7726833417387997,-0.4448054063089817,0.2614549029647364,-0.8206955203761073,-11.3409558417457,-8.958362291204923
-0.7254550232500447,1.094883526741894,-0.4210416894843627,0.20678754700727175,-0.7254550232500447,-11.3409558417457,-8.958362291204923
-0.6096283292352398,1.1814859745741693,-0.40457008427719465,0.1186171922315431,-0.6096283292352398,-11.3409558417457,-8.958362291204923
-0.48368340591107994,1.2934167965960413,-0.34531202194502253,1.0314130900908243,-0.48368340591107994,-8.573004338302049,2.0691259687232773
-0.35942239621220207,1.15260443240793,-0.207695703897814,1.6642973095569058,-0.35942239621220207,-8.573004338302049,2.0691259687232773
-0.25994347272516194,0.8094531295462879,-0.024934875670507672,1.9254434608593858,-0.25994347272516194,-8.573004338302049,2.0691259687232773
-0.20150954843181612,0.3474426425931014,0.16446665770675395,1.8013340547447694,-0.20150954843181612,-8.573004338302049,2.0691259687232773
-0.1911512106565052,-0.13563288626502157,0.32442433307795504,1.3518732404190068,-0.1911512106565052,-8.573004338302049,2.0691259687232773
-0.2262322806242123,-0.5473514027470081,0.42780072561359095,0.6921477926960833,-0.2262322806242123,-8.573004338302049,2.0691259687232773
-0.29586257279293804,-0.817438342359635,0.46063007037197234,-0.03434861853829041,-0.29586257279293804,-8.573004338302049,2.0691259687232773
-0.38372116734367623,-0.9088194489832748,0.4234814222418226,-0.6852807685275639,-0.38372116734367623,-8.573004338302049,2.0691259687232773
-0.47162895412721717,-0.8213997405106159,0.3299680077701499,-1.1460076882162795,-0.47162895412721717,-8.573004338302049,2.0691259687232773
-0.5431262969380128,-0.5885522231573272,0.20295607710863983,-1.3483828549043437,-0.5431262969380128,-8.573004338302049,2.0691259687232773
-0.5863935782606653,-0.26770114890603125,0.06940651069529213,-1.2791217586893886,-0.5863935782606653,-8.573004338302049,2.0691259687232773
-0.5960174893660852,0.07272582822626994,-0.04506123372511883,-0.9770279454114768,-0.5960174893660852,-8.573004338302049,2.0691259687232773
-0.5733988165147101,0.3671448101245325,-0.12083744630201743,-0.5208079531304328,-0.5733988165147101,-8.573004338302049,2.0691259687232773
-0.5258393359191649,0.5648260374023018,-0.14742053966069069,-0.010520921343067258,-0.5258393359191649,-8.573004338302049,2.0691259687232773
-0.4646142699379894,0.6379736866568742,-0.12451584506350777,0.45317529576782967,-0.4646142699379894,-8.573004338302049,2.0691259687232773
-0.402483774363267,0.5847494456341877,-0.061120541760796065,0.7879249843033378,-0.402483774363267,-8.573004338302049,2.0691259687232773
-0.3511631491262488,0.4271395575279371,0.027046859593077954,0.9433411265238725,-0.3511631491262488,-8.573004338302049,2.0691259687232773
-0.3192297530411281,0.20457541608566032,0.121127058000992,0.9073957875718452,-0.3192297530411281,-8.573004338302049,2.0691259687232773
-0.31081639795180305,-0.035100035862182466,0.20294641714073514,0.7050271004954958,-0.31081639795180305,-8.573004338302049,2.0691259687232773
-0.3252591813130703,-0.24539803623532208,0.25835777201527677,0.3899525975222353,-0.3252591813130703,-8.573004338302049,2.0691259687232773
-0.35767978298295233,-0.3897504417066404,0.27950211982894846,0.03187269726159769,-0.35767978298295233,-8.573004338302049,2.0691259687232773
-0.40029903171099956,-0.4474143817399554,0.26568295876017256,-0.29809709050858046,-0.40029903171099956,-8.573004338302049,2.0691259687232773
-0.4441693130137727,-0.41584801650669334,0.222814579933857,-0.5408728266348923,-0.4441693130137727,-8.573004338302049,2.0691259687232773
-0.4809598117742091,-0.30944877361054246,0.1616847747977861,-0.6593058582853413,-0.4809598117742091,-8.573004338302049,2.0691259687232773
-0.5044586469159063,-0.15525395786801255,0.09547306325913052,-0.6430661368094288,-0.5044586469159063,-8.573004338302049,2.0691259687232773
-0.5115318291156914,0.013327362936045972,0.03705635833030918,-0.5080054735891135,-0.5115318291156914,-8.573004338302049,2.0691259687232773
-0.50241859615757,0.16337253604582358,-0.0033732191561881564,-0.29071083745633075,-0.50241859615757,-8.573004338302049,2.0691259687232773
-0.4803650710528258,0.2685596497392915,-0.01995961037611682,-0.03968125806864187,-0.4803650710528258,-8.573004338302049,2.0691259687232773
-0.45073042233059457,0.3134690316524704,-0.011867111739505276,0.19488723963177534,-0.45073042233059457,-8.573004338302049,2.0691259687232773
-0.4197830513493326,0.2954321972330547,0.017040591851007036,0.37065649288492963,-0.4197830513493326,-8.573004338302049,2.0691259687232773
-0.39344025380944725,0.2238145505303848,0.059372263771258815,0.4603228279061291,-0.39344025380944725,-8.573004338302049,2.0691259687232773
-0.37619460137852645,0.11711942939784059,0.10592716645125577,0.45529584027650394,-0.37619460137852645,-8.573004338302049,2.0691259687232773
-0.3704084407414223,-0.001344441472529212,0.14758941701614514,0.36552709303320796,-0.3704084407414223,-8.573004338302049,2.0691259687232773
-0.3760743034746312,-0.10828420078104806,0.17702664066924712,0.21588256389646077,-0.3760743034746312,-8.573004338302049,2.0691259687232773
-0.3910418922588086,-0.18477887852721864,0.18989190596651806,0.040071071687201254,-0.3910418922588086,-8.573004338302049,2.0691259687232773
-0.4116244353028655,-0.21940807995307132,0.18535429822060667,-0.1265097993396349,-0.4116244353028655,-8.573004338302049,2.0691259687232773
-0.4334350659641002,-0.20967447690746432,0.1659193584338734,-0.2535591018655019,-0.4334350659641002,-8.573004338302049,2.0691259687232773
-0.45227450794959356,-0.16162225531502727,0.136642687919883,-0.3210589470623244,-0.45227450794959356,-8.573004338302049,2.0691259687232773
-0.464899470868505,-0.08789105175751999,0.10394020815745275,-0.3220423149896767,-0.464899470868505,-8.573004338302049,2.0691259687232773
-0.4695381668140568,-0.004724942475119676,0.0742590113445214,-0.26265416069964864,-0.4695381668140568,-8.573004338302049,2.0691259687232773
-0.466082156003333,0.07141181495256532,0.052867235924667355,-0.15975417955976035,-0.466082156003333,-8.573004338302049,2.0691259687232773
-0.45594871504474543,0.12693653872484845,0.042980206641265895,-0.03674466867531834,-0.45594871504474543,-8.573004338302049,2.0691259687232773
-0.4416700147892909,0.15341788676913737,0.0453537037589804,0.08143637994453456,-0.4416700147892909,-8.573004338302049,2.0691259687232773
-0.4263131725392766,0.14866345989284824,0.0583765761578352,0.17312817202119035,-0.4263131725392766,-8.573004338302049,2.0691259687232773
-0.41285518122874887,0.11653600506212314,0.078597749301613,0.22368960972955776,-0.41285518122874887,-8.573004338302049,2.0691259687232773
-0.40363419100400133,0.06565324620347468,0.10154762411990337,0.22757120954218024,-0.40363419100400133,-8.573004338302049,2.0691259687232773
-0.3999729828820149,0.0073237568765307515,0.12267091902571536,0.18848809249193366,-0.3999729828820149,-8.573004338302049,2.0691259687232773
-0.4020278822056351,-0.046826169015750096,0.13818766803614935,0.11784331610479093,-0.4020278822056351,-8.573004338302049,2.0691259687232773
-0.4088702682695171,-0.08705829587149871,0.14572693827673078,0.0318640198095288,-0.4088702682695171,-8.573004338302049,2.0691259687232773
-0.4187638149717676,-0.10716657387168027,0.14463671661289812,-0.05189720909971385,-0.4187638149717676,-8.573004338302049,2.0691259687232773
-0.42956632065781886,-0.10530259363599903,0.13594238642352607,-0.11797365014549044,-0.42956632065781886,-8.573004338302049,2.0691259687232773
-0.4391693383679085,-0.08390651327795062,0.12199503157140335,-0.1556807968486762,-0.4391693383679085,-8.573004338302049,2.0691259687232773
-0.44588966375821926,-0.04884140855787322,0.10590492383077788,-0.16066061151835065,-0.44588966375821926,-8.573004338302049,2.0691259687232773
-0.4487437801769554,-0.007971118641449948,0.09088753292303586,-0.1350953724434465,-0.4487437801769554,-8.573004338302049,2.0691259687232773
-0.44756525060740504,0.030502137215439262,0.07965172289698508,-0.0866760201382295,-0.44756525060740504,-8.573004338302049,2.0691259687232773
-0.4429584531707986,0.0596048992310898,0.0739407749672436,-0.02664084941861944,-0.4429584531707986,-8.573004338302049,2.0691259687232773
-0.4361119154747177,0.07478153133746446,0.07429788485913669,0.03266756821007277,-0.4361119154747177,-8.573004338302049,2.0691259687232773
-0.4285202937129462,0.07451682290154338,0.08007867430221793,0.08021748235734982,-0.4285202937129462,-8.573004338302049,2.0691259687232773
-0.4216753744267354,0.060329855446470404,0.08968502173792192,0.10822831080649742,-0.4216753744267354,-8.573004338302049,2.0691259687232773
-0.41678737049904147,0.036200793030554124,0.1009548044424804,0.11331588490666533,-0.41678737049904147,-8.573004338302049,2.0691259687232773
-0.4145848679292605,0.0075918985883092205,0.1116204459329655,0.09670978702859401,-0.4145848679292605,-8.573004338302049,2.0691259687232773
-0.4152246714164889,-0.019715786876103536,0.11974305793581497,0.06358184256593447,-0.4152246714164889,-8.573004338302049,2.0691259687232773
-0.4183165138637932,-0.040734412936613396,0.12404420117346415,0.021705613951766622,-0.4183165138637932,-8.573004338302049,2.0691259687232773
-0.42304833377734763,-0.052128343838308666,0.12408248601275407,-0.020248229432187514,-0.42304833377734763,-8.573004338302049,2.0691259687232773
-0.4283783751146881,-0.052680954346433495,0.12025645970697063,-0.05441963900622504,-0.4283783751146881,-8.573004338302049,2.0691259687232773
-0.43325211925910967,-0.04332061367370876,0.11364998795988335,-0.07515368040814252,-0.43325211925910967,-8.573004338302049,2.0691259687232773
-0.43680069167404145,-0.02674254772416873,0.10576422849575096,-0.0798477075894084,-0.43680069167404145,-8.573004338302049,2.0691259687232773
-0.43848606105148225,-0.006736463176622465,0.09819684184058985,-0.06914978080704337,-0.43848606105148225,-8.573004338302049,2.0691259687232773
-0.43816999632917675,0.012626819964310698,0.09233400393492452,-0.04652648273543569,-0.43816999632917675,-8.573004338302049,2.0691259687232773
-0.43610216266856927,0.027783995380687543,0.0891108977520707,-0.017347620793293217,-0.43610216266856927,-8.573004338302049,2.0691259687232773
-0.432836295448368,0.0362982858589973,0.08887961424105395,0.012301500106104868,-0.432836295448368,-8.573004338302049,2.0691259687232773
-0.42909770093369826,0.03720821103854277,0.09139871833494695,0.03682652391078278,-0.42909770093369826,-8.573004338302049,2.0691259687232773
-0.4096384315667887,0.3403833333817019,0.11217534113350247,0.3662314872148933,-0.4096384315667887,-5.211699170277598,5.482489645710487
-0.3641321205663788,0.5509985141817513,0.16128736628358453,0.595742466624289,-0.3641321205663788,-5.211699170277598,5.482489645710487
-0.30357499058049076,0.6384379589132276,0.22684591803352738,0.6919045932008849,-0.30357499058049076,-5.211699170277598,5.482489645710487
-0.24073382115479447,0.5980589249902124,0.2950152776759012,0.6494107338147987,-0.24073382115479447,-5.211699170277598,5.482489645710487
-0.18758803382875922,0.44958179176079227,0.3527876439978712,0.4894083463640406,-0.18758803382875922,-5.211699170277598,5.482489645710487
-0.15316224160338088,0.23108337767953202,0.3903392188171786,0.25302690675409956,-0.15316224160338088,-5.211699170277598,5.482489645710487
-0.14211945159509298,-0.009877421050605406,0.402564680874244,-0.008222594584042398,-0.14211945159509298,-5.211699170277598,5.482489645710487
-0.15430133445448035,-0.22605880866903227,0.3895859082389368,-0.24307168925092348,-0.15430133445448035,-5.211699170277598,5.482489645710487
-0.1852175044887403,-0.3793551539701525,0.35623083496803254,-0.410074877554532,-0.1852175044887403,-5.211699170277598,5.482489645710487
-0.22729803972209073,-0.4470579437576401,0.31068217579978885,-0.48443018487111544,-0.22729803972209073,-5.211699170277598,5.482489645710487
-0.2716046580713627,-0.42464307457300876,0.2626252571248111,-0.4610398864321503,-0.2716046580713627,-5.211699170277598,5.482489645710487
-0.30963256438057307,-0.3248799234787274,0.22129367570173208,-0.3535816667332945,-0.30963256438057307,-5.211699170277598,5.482489645710487
-0.33486184257972695,-0.17380048244340252,0.19378317045130977,-0.19016715356988456,-0.33486184257972695,-5.211699170277598,5.482489645710487
-0.34378732151620195,-0.004565592422459019,0.18392867145143477,-0.006707470334168519,-0.34378732151620195,-5.211699170277598,5.482489645710487
-0.3362901021664806,0.1494190724137585,0.1918942708810505,0.16054922740512367,-0.3362901021664806,-5.211699170277598,5.482489645710487
-0.3153362819928658,0.260782527179952,0.2144932239565165,0.28183841628668915,-0.3153362819928658,-5.211699170277598,5.482489645710487
-0.28612884642133185,0.31273668818708344,0.24610260147387564,0.3388326338974821,-0.28612884642133185,-5.211699170277598,5.482489645710487
-0.2549195709920751,0.30121281143868117,0.27994906938666553,0.3269848994488349,-0.2549195709920751,-5.211699170277598,5.482489645710487
-0.22774040166079068,0.2344076955458263,0.30948469180575877,0.25506299862556503,-0.22774040166079068,-5.211699170277598,5.482489645710487
-0.20929476997395113,0.13008349912723105,0.32959171333293735,0.14224270023122187,-0.20929476997395113,-5.211699170277598,5.482489645710487
-0.20220477408892368,0.011337218830682616,0.3374031554072454,0.013532804460197667,-0.20220477408892368,-5.211699170277598,5.482489645710487
-0.20671690882528626,-0.09823074400798681,0.33262692752380296,-0.10546155816928149,-0.20671690882528626,-5.211699170277598,5.482489645710487
-0.22088229134559878,-0.17898545245959951,0.3173551504300045,-0.19339218342394737,-0.22088229134559878,-5.211699170277598,5.482489645710487
-0.2411305814269067,-0.2185539932604197,0.2954454355614331,-0.23675719566430686,-0.2411305814269067,-5.211699170277598,5.482489645710487
-0.2630934968944114,-0.2134512262603625,0.27162981537139963,-0.2316826051086771,-0.2630934968944114,-5.211699170277598,5.482489645710487
-0.2824968299188706,-0.16888290554680552,0.2505474909879375,-0.18372745634409426,-0.2824968299188706,-5.211699170277598,5.482489645710487
-0.29595301737632784,-0.09694448563491953,0.235883700210878,-0.10594593549315867,-0.29595301737632784,-5.211699170277598,5.482489645710487
-0.3015086343665736,-0.013705005081575905,0.22977310152293295,-0.01573443897951421,-0.3015086343665736,-5.211699170277598,5.482489645710487
-0.29887546892001904,0.06417831810209051,0.2325456969165085,0.06883727958481956,-0.29887546892001904,-5.211699170277598,5.482489645710487
-0.28932599311212925,0.12263722555746526,0.24283680576693456,0.1324760312225628,-0.28932599311212925,-5.211699170277598,5.482489645710487
-0.27530568821740786,0.1525792041085552,0.2580048330628717,0.16526341536215483,-0.27530568821740786,-5.211699170277598,5.482489645710487
-0.25986637187352546,0.15111645524275374,0.2747443111202692,0.16400139385858736,-0.25986637187352546,-5.211699170277598,5.482489645710487
-0.24602901967954782,0.12151013588872495,0.28977673061946696,0.132165208218872,-0.24602901967954782,-5.211699170277598,5.482489645710487
-0.23623227763751142,0.07197699716533634,0.3004496716797185,0.07862000570119498,-0.23623227763751142,-5.211699170277598,5.482489645710487
-0.23192606912239544,0.013684655752237873,0.3051794910822503,0.015453941018574113,-0.23192606912239544,-5.211699170277598,5.482489645710487
-0.2333939208536231,-0.04162211645927805,0.3036464413598221,-0.04459394696528918,-0.2333939208536231,-5.211699170277598,5.482489645710487
-0.23981152150368157,-0.08387504158349302,0.2967335609359374,-0.09058054978451047,-0.23981152150368157,-5.211699170277598,5.482489645710487
-0.24950665105112613,-0.10640846019672345,0.2862467002278377,-0.11523729545832495,-0.24950665105112613,-5.211699170277598,5.482489645710487
-0.260351080146342,-0.10688310532482781,0.27449063230456083,-0.11598085268695968,-0.260351080146342,-5.211699170277598,5.482489645710487
-0.2702087777336857,-0.0873084265905213,0.2637831694641939,-0.09494679983780152,-0.2702087777336857,-5.211699170277598,5.482489645710487
-0.2773275238699551,-0.05325432930062668,0.25602978093650286,-0.05814248314452897,-0.2773275238699551,-5.211699170277598,5.482489645710487
-0.2806349833986612,-0.012472500081999627,0.25240116365768195,-0.01395716604617725,-0.2806349833986612,-5.211699170277598,5.482489645710487
-0.2798747640534893,0.02676309335019944,0.25318399188498564,0.028635935294831327,-0.2798747640534893,-5.211699170277598,5.482489645710487
-0.2755763895093546,0.057255493105635935,0.2578117849205448,0.06181577880839484,-0.2755763895093546,-5.211699170277598,5.482489645710487
-0.2688810626049385,0.07413002945358471,0.26505248728483366,0.08026849981450823,-0.2688810626049385,-5.211699170277598,5.482489645710487
-0.2612712046233323,0.07552492740635408,0.27330095069023663,0.08194253148871411,-0.2612712046233323,-5.211699170277598,5.482489645710487
-0.25425611228932876,0.06265222664442227,0.28091965265918706,0.06812133613687621,-0.25425611228932876,-5.211699170277598,5.482489645710487
-0.24909281554388585,0.03927740456792961,0.28654186597058917,0.0428645919112558,-0.24909281554388585,-5.211699170277598,5.482489645710487
-0.24657191499755005,0.01077485812990453,0.28930482972981153,0.011987747315348685,-0.24657191499755005,-5.211699170277598,5.482489645710487
-0.2469139904923594,-0.017031970603714086,0.2889632759270313,-0.01819445103399353,-0.2469139904923594,-5.211699170277598,5.482489645710487
-0.24978220735898304,-0.03900464359783484,0.2858769575563702,-0.04209885419543369,-0.24978220735898304,-5.211699170277598,5.482489645710487
-0.2543994653852941,-0.05158596703578233,0.28088459027348467,-0.05584894747609148,-0.2543994653852941,-5.211699170277598,5.482489645710487
-0.25973432397401286,-0.05331540074651997,0.27510283181065454,-0.05783807197478019,-0.25973432397401286,-5.211699170277598,5.482489645710487
-0.264721402524537,-0.04490187499882481,0.2696874201472177,-0.04881308657551209,-0.264721402524537,-5.211699170277598,5.482489645710487
-0.2684598406035219,-0.02888448633870233,0.26561766314699753,-0.031510348523573484,-0.2684598406035219,-5.211699170277598,5.482489645710487
-0.2703685883466598,-0.008984529832138932,0.2635274038564823,-0.009955833567955708,-0.2703685883466598,-5.211699170277598,5.482489645710487
-0.2702642148759091,0.010703130117462933,0.26361981564227044,0.011410720538410857,-0.2702642148759091,-5.211699170277598,5.482489645710487
-0.268358236415259,0.026513882374414877,0.26566945199516656,0.028608150307182,-0.268358236415259,-5.211699170277598,5.482489645710487
-0.265178685400544,0.03585755490649589,0.26910659570258666,0.038814566805736916,-0.265178685400544,-5.211699170277598,5.482489645710487
-0.26144250625430043,0.037601142315107694,0.2731551928309379,0.04078536667453747,-0.26144250625430043,-5.211699170277598,5.482489645710487
-0.25790088661194766,0.03214178848106819,0.2770004540024811,0.03493568915054546,-0.25790088661194766,-5.211699170277598,5.482489645710487
-0.25519851153621964,0.021185776615135765,0.2799416713205458,0.023103549330073747,-0.25519851153621964,-5.211699170277598,5.482489645710487
-0.25376142702444593,0.007306835878701179,0.2815142521244338,0.008072890758556994,-0.25376142702444593,-5.211699170277598,5.482489645710487
-0.2537393807496411,-0.006617116015313229,0.28155282142635585,-0.007036426791311001,-0.2537393807496411,-5.211699170277598,5.482489645710487
-0.25499970593769916,-0.017977470114317384,0.2801984566405089,-0.01939083753325299,-0.25499970593769916,-5.211699170277598,5.482489645710487
-0.25718550988313993,-0.02489195238548092,0.27783608622712386,-0.026940244370326383,-0.25718550988313993,-5.211699170277598,5.482489645710487
-0.2597994793363565,-0.02648948049855626,0.27500393541906387,-0.028728901196059198,-0.2597994793363565,-5.211699170277598,5.482489645710487
-0.26231172074296083,-0.022977316995923758,0.2722766861463395,-0.024970557312162356,-0.26231172074296083,-5.211699170277598,5.482489645710487
-0.26426184485079673,-0.015498551019856421,0.27015465582070775,-0.016895952513657164,-0.26426184485079673,-5.211699170277598,5.482489645710487
-0.2653381840916538,-0.005830649694051004,0.26897759930635523,-0.006427364755930753,-0.2653381840916538,-5.211699170277598,5.482489645710487
-0.2654223180643642,0.004008557577444449,0.26887602325126636,0.0042480236636777136,-0.2654223180643642,-5.211699170277598,5.482489645710487
-0.2645931305917566,0.012161143024083998,0.2697663661136165,0.013112392922959515,-0.2645931305917566,-5.211699170277598,5.482489645710487
-0.26565855363679436,-0.032365103118628724,0.2690761149072083,-0.02602886825126305,-0.26565855363679436,-5.750989198585621,4.996653910896725
-0.27071995278442174,-0.06659611732676751,0.26484971982918193,-0.05657333184552549,-0.27071995278442174,-5.750989198585621,4.996653910896725
-0.2784497359751015,-0.08510519493750124,0.2582147318202832,-0.07362260605414406,-0.2784497359751015,-5.750989198585621,4.996653910896725
-0.28714580476636975,-0.08592528885812101,0.25064344190488264,-0.07527068134318071,-0.28714580476636975,-5.750989198585621,4.996653910896725
-0.2950910488545784,-0.07058580690263838,0.24363990037012506,-0.06267459895436467,-0.2950910488545784,-5.750989198585621,4.996653910896725
-0.30086903671742427,-0.04349402278375969,0.23846159443210002,-0.03954599011502502,-0.30086903671742427,-5.750989198585621,4.996653910896725
-0.30360408610974865,-0.010838911670951745,0.23590445150659534,-0.011215937958738209,-0.30360408610974865,-5.750989198585621,4.996653910896725
-0.30307363084076755,0.02073732009016993,0.23619785170792973,0.016517423825973765,-0.30307363084076755,-5.750989198585621,4.996653910896725
-0.2996880927797907,0.04542715400092767,0.23901528122465265,0.03851992739181043,-0.2996880927797907,-5.750989198585621,4.996653910896725
-0.29435270001209446,0.05926500116903988,0.24358932920222287,0.05121898773659339,-0.29435270001209446,-5.750989198585621,4.996653910896725
-0.2882525447866433,0.06069428759783335,0.24889590683874196,0.05312362360331946,-0.2882525447866433,-5.750989198585621,4.996653910896725
-0.28260058987714753,0.05062845833186813,0.25387344834588177,0.0449048558147318,-0.28260058987714753,-5.750989198585621,4.996653910896725
-0.278412470633457,0.032043968965155045,0.25762126914936534,0.029063027514453665,-0.278412470633457,-5.750989198585621,4.996653910896725
-0.2763331065752279,0.00922984459282894,0.25955462461909473,0.009288568215605864,-0.2763331065752279,-5.750989198585621,4.996653910896725
-0.2765512297492414,-0.013140603125128436,0.2594841293945134,-0.010342515953668752,-0.2765512297492414,-5.750989198585621,4.996653910896725
-0.27880702039127225,-0.030922614706922147,0.25761398278548775,-0.026169564542565027,-0.27880702039127225,-5.750989198585621,4.996653910896725
-0.2824844967177933,-0.04122477821352177,0.25446535500891443,-0.03559242120055295,-0.2824844967177933,-5.750989198585621,4.996653910896725
-0.28675931091025486,-0.04283123745988959,0.25074988901869943,-0.03745729409758347,-0.28675931091025486,-5.750989198585621,4.996653910896725
-0.2907758623345824,-0.036268764633863526,0.2472157648325375,-0.03213447159064842,-0.2907758623345824,-5.750989198585621,4.996653910896725
-0.29380641045757017,-0.02354215864855469,0.24450767287967334,-0.021303400728468702,-0.29380641045757017,-5.750989198585621,4.996653910896725
-0.29537745808402516,-0.007620034416563115,0.24305396649379674,-0.007515485040489267,-0.29537745808402516,-5.750989198585621,4.996653910896725
-0.29533359776446844,0.008212924971040536,0.2430075805344858,0.006366846077202837,-0.29533359776446844,-5.750989198585621,4.996653910896725
-0.2938371119739793,0.021001967263538646,0.24424292812955706,0.017736400483375547,-0.2938371119739793,-5.750989198585621,4.996653910896725
-0.29130614951362244,0.028643127136326996,0.2464069760236942,0.024704361927220475,-0.29130614951362244,-5.750989198585621,4.996653910896725
-0.28831302017328575,0.03019595917561091,0.24900617532211555,0.026385269813125944,-0.28831302017328575,-5.750989198585621,4.996653910896725
-0.28546177636278625,0.025949668822351057,0.25151275420154207,0.022968064805471755,-0.28546177636278625,-5.750989198585621,4.996653910896725
-0.28327247031321967,0.01725030039303732,0.25346647179757564,0.015576986776576263,-0.28327247031321967,-5.750989198585621,4.996653910896725
-0.2820920213965241,0.006150057684294552,0.25455414075185523,0.005973727791271699,-0.2820920213965241,-5.750989198585621,4.996653910896725
-0.2820455209078041,-0.005045016639135369,0.2546544653067464,-0.0038338249288045745,-0.2820455209078041,-5.750989198585621,4.996653910896725
-0.28303349284356294,-0.014230426759521464,0.2538428607282883,-0.011990443462652323,-0.28303349284356294,-5.750989198585621,4.996653910896725
-0.2847727362494288,-0.01987830166544846,0.25235787710362256,-0.01712668073630219,-0.2847727362494288,-5.750989198585621,4.996653910896725
-0.2868661564082746,-0.021268041595281062,0.2505415975095149,-0.018568495082488923,-0.2868661564082746,-5.750989198585621,4.996653910896725
-0.288888192509444,-0.018545114375465133,0.24876553094923093,-0.016397914219528076,-0.288888192509444,-5.750989198585621,4.996653910896725
-0.2904673719154198,-0.012610100175097116,0.24735810150327175,-0.011364604322855243,-0.2904673719154198,-5.750989198585621,4.996653910896725
-0.29135012268912774,-0.004879700997532765,0.24654778045214698,-0.004683213002964592,-0.29135012268912774,-5.750989198585621,4.996653910896725
-0.29143741935666956,0.003028430051228881,0.2464294779813052,0.0022389629832844093,-0.29143741935666956,-5.750989198585621,4.996653910896725
-0.29078876932839215,0.009617148717408597,0.2469593528113565,0.008083312517932484,-0.29078876932839215,-5.750989198585621,4.996653910896725
-0.2895955356869955,0.013778877063606032,0.24797661476018185,0.01185859065048156,-0.2895955356869955,-5.750989198585621,4.996653910896725
-0.2881329217957074,0.014965597682849108,0.24924444557855097,0.013055050035145399,-0.2881329217957074,-5.750989198585621,4.996653910896725
-0.2867003742610299,0.013238630620826086,0.25050165157753845,0.011694439104076082,-0.2867003742610299,-5.750989198585621,4.996653910896725
-0.2855629218833,0.009198031442348764,0.2515141440432931,0.008274387733528954,-0.2855629218833,-5.750989198585621,4.996653910896725
-0.28490553129083196,0.0038204186067645196,0.25211556929244505,0.00363113991934938,-0.28490553129083196,-5.750989198585621,4.996653910896725
-0.2848056170387059,-0.0017605582758264404,0.2522324297441152,-0.001249928998257488,-0.2848056170387059,-5.750989198585621,4.996653910896725
-0.28522871589425236,-0.006480938102527034,0.25188906367232367,-0.005432570661950464,-0.28522871589425236,-5.750989198585621,4.996653910896725
-0.28604593590454197,-0.009539144568389446,0.25119347384185,-0.008200427272983646,-0.28604593590454197,-5.750989198585621,4.996653910896725
-0.20939504302758216,1.4917405961387225,0.2293616587202667,-0.4143224941038337,-0.20939504302758216,10.573908550857883,0.5939085045505763
-0.0018870562555308723,2.5709355303743813,0.1722350783759481,-0.7042454266140421,-0.0018870562555308723,10.573908550857883,0.5939085045505763
0.2851860034841982,3.0662289996429735,0.09386486366909708,-0.8347647571734313,0.2851860034841982,10.573908550857883,0.5939085045505763
0.5905195396286,2.940466969763513,0.010941588702964467,-0.796616250367979,0.5905195396286,10.573908550857883,0.5939085045505763
0.8552256489332724,2.276279795718576,-0.06058046199475431,-0.6129883918942056,0.8552256489332724,10.573908550857883,0.5939085045505763
1.033624435134791,1.2492432121691301,-0.10839920120528923,-0.33210095045444454,1.033624435134791,10.573908550857883,0.5939085045505763
1.100536313818612,0.08611492773720819,-0.12581954263407624,-0.015782471766561557,1.100536313818612,10.573908550857883,0.5939085045505763
1.0540455837657658,-0.9824504950711948,-0.11247338900672066,0.273389717570403,1.0540455837657658,10.573908550857883,0.5939085045505763
0.9136469327902264,-1.7654369859370558,-0.0737869289701214,0.48387146168224504,0.9136469327902264,10.573908550857883,0.5939085045505763
0.714555855328987,-2.143472688345046,-0.019412705941502573,0.5837561798427906,0.714555855328987,10.573908550857883,0.5939085045505763
0.4996222375014252,-2.084328796870172,0.038978976834672,0.5648709804983341,0.4996222375014252,10.573908550857883,0.5939085045505763
0.310583633143672,-1.640675440337322,0.09007641366122598,0.4420522631027737,0.310583633143672,10.573908550857883,0.5939085045505763
0.1803585835981263,-0.9321501250784543,0.12500972710569336,0.248180762457606,0.1803585835981263,10.573908550857883,0.5939085045505763
0.12772638813599002,-0.11657282210433983,0.13877814447867998,0.026304833258766536,0.12772638813599002,10.573908550857883,0.5939085045505763
0.15515444141549573,0.6432109580070104,0.13081869729829698,-0.17938025103787858,0.15515444141549573,10.573908550857883,0.5939085045505763
0.24988928858042314,1.2103020111130434,0.10468910846294932,-0.3319172081928894,0.24988928858042314,10.573908550857883,0.5939085045505763
0.3877948288632336,1.4968932443459941,0.06700903356176013,-0.4078129146289946,0.3877948288632336,10.573908550857883,0.5939085045505763
0.538950892210865,1.4760292841736788,0.02593027330541897,-0.4001534053001503,0.538950892210865,10.573908550857883,0.5939085045505763
0.6738028197271753,1.180870520325172,-0.010534535115094279,-0.318322865386488,0.6738028197271753,10.573908550857883,0.5939085045505763
0.7686621873257069,0.6927723303757318,-0.03599942704190351,-0.1846979654199412,0.7686621873257069,10.573908550857883,0.5939085045505763
0.8095782226974455,0.12145186703537902,-0.04674444562215019,-0.029217969189277326,0.8095782226974455,10.573908550857883,0.5939085045505763
0.794026244556103,-0.4182323200685314,-0.04215928073530151,0.1169348316334311,0.794026244556103,10.573908550857883,0.5939085045505763
0.7302910946080434,-0.8282757061412145,-0.024561090481036274,0.2272919640596882,0.7302910946080434,10.573908550857883,0.5939085045505763
0.6348877203271552,-1.044268185299149,0.0015178093374519364,0.2846045036642124,0.6348877203271552,10.573908550857883,0.5939085045505763
0.5286864137443388,-1.0442482734687157,0.03038918106246591,0.28319297190906667,0.5286864137443388,10.573908550857883,0.5939085045505763
0.4325929035902121,-0.8487691009685872,0.05638329858791735,0.22890803622903277,0.4325929035902121,10.573908550857883,0.5939085045505763
0.3636314678314907,-0.5130273574813788,0.07490856312283256,0.1369440724085429,0.3636314678314907,10.573908550857883,0.5939085045505763
0.33212780729097524,-0.11320710382246446,0.08320831327785427,0.02809839894961641,0.33212780729097524,10.573908550857883,0.5939085045505763
0.3404152671639835,0.26975550561023454,0.0807017976082749,-0.07564875068856303,0.3404152671639835,10.573908550857883,0.5939085045505763
0.3831552151435691,0.565782682172653,0.06888674381336912,-0.15536343752681425,0.3831552151435691,10.573908550857883,0.5939085045505763
0.4490691374139839,0.7277425528885928,0.050860477203040766,-0.19841314572300206,0.4490691374139839,10.573908550857883,0.5939085045505763
0.5236143980571493,0.7380745559498649,0.030588115306642294,-0.2002281174397993,0.5236143980571493,10.573908550857883,0.5939085045505763
0.5920178256564839,0.6092749012179706,0.012077549985917813,-0.164392841016042,0.5920178256564839,10.573908550857883,0.5939085045505763
0.6420592284636033,0.3786890270904504,-0.0013738183744882448,-0.10119694594365924,0.6420592284636033,10.573908550857883,0.5939085045505763
0.6661197475867189,0.09916611184259949,-0.007729749646625095,-0.02507364864515438,0.6661197475867189,10.573908550857883,0.5939085045505763
0.6621681881406776,-0.17231840022594902,-0.006475771250983087,0.04849880099700776,0.6621681881406776,10.573908550857883,0.5939085045505763
0.63361016143448,-0.3857147055079757,0.0014291498350367249,0.10599232483295928,0.63361016143448,10.573908550857883,0.5939085045505763
0.5881324423782104,-0.5066072002319562,0.013872539781443649,0.1381754179740753,0.5881324423782104,10.573908550857883,0.5939085045505763
0.5358570802431792,-0.5211740709687458,0.0280935159346809,0.14143371626578016,0.5358570802431792,10.573908550857883,0.5939085045505763
0.4872161090681253,-0.43680305100927974,0.04126096563302628,0.11790884590105932,0.4872161090681253,10.573908550857883,0.5939085045505763
0.4509672120898305,-0.27870337419253666,0.051010755360316296,0.07455333504331207,0.4509672120898305,10.573908550857883,0.5939085045505763
0.4327162843325656,-0.0834816360680577,0.05584312703247285,0.021368869046312966,0.4327162843325656,10.573908550857883,0.5939085045505763
0.43416748544203543,0.10878900868174668,0.05532132479678609,-0.030754419221549867,0.43416748544203543,10.573908550857883,0.5939085045505763
0.4531736787301188,0.26239963382570863,0.050052698832681486,-0.07216093834797555,0.4531736787301188,10.573908550857883,0.5939085045505763
0.4845067693810625,0.35227920044575356,0.04147513161000482,-0.09612081289185781,0.4845067693810625,10.573908550857883,0.5939085045505763
0.5211288956692952,0.36766798696968905,0.031509026000403395,-0.09980926195230566,0.5211288956692952,10.573908550857883,0.5939085045505763
0.5556818770249885,0.3127771391742957,0.022151954340531077,-0.08446574401860296,0.5556818770249885,10.573908550857883,0.5939085045505763
0.5818965830507246,0.20456552535186034,0.015096985786690276,-0.0547723946827432,0.5818965830507246,10.573908550857883,0.5939085045505763
0.5956589258482712,0.06836154737330524,0.011445789098413428,-0.0176525773138696,0.5956589258482712,10.573908550857883,0.5939085045505763
0.5955775448832341,-0.06767722015416489,0.011557972304141018,0.019239141737322996,0.5955775448832341,10.573908550857883,0.5939085045505763
0.5829853002796508,-0.17810247870088247,0.015054343263438241,0.049019002887270346,0.5829853002796508,10.573908550857883,0.5939085045505763
0.5614298000166551,-0.24468379536557983,0.020958397276186425,0.06679000686094483,0.5614298000166551,10.573908550857883,0.5939085045505763
0.5357987246693714,-0.2591307992416212,0.02793590428953152,0.07036857507415206,0.5357987246693714,10.573908550857883,0.5939085045505763
0.511277531981821,-0.22370265392330246,0.034578665881349835,0.06043603421650445,0.511277531981821,10.573908550857883,0.5939085045505763
0.49234921570301626,-0.1497741880443062,0.03967548685274913,0.040136517078240175,0.49234921570301626,10.573908550857883,0.5939085045505763
0.4820249591987462,-0.0548461451313873,0.04241934684648463,0.014255976129824433,0.4820249591987462,10.573908550857883,0.5939085045505763
0.4814194330917223,0.041313724702146004,0.04252030327634859,-0.011829949558560315,0.4814194330917223,10.573908550857883,0.5939085045505763
0.4897199570467716,0.12058959331197983,0.040211280478789746,-0.03321912962479878,0.4897199570467716,10.573908550857883,0.5939085045505763
0.5045256629795141,0.1697513639667534,0.0361537255849429,-0.04635543912761264,0.5045256629795141,10.573908550857883,0.5939085045505763
0.5224462863157058,0.18246148411545704,0.03127349542587954,-0.04956506449306808,0.5224462863157058,10.573908550857883,0.5939085045505763
0.5398310101554333,0.15981185430077005,0.026562360964943466,-0.04319245951334594,0.5398310101554333,10.573908550857883,0.5939085045505763
0.5534777042427708,0.10940449440753142,0.022885805556369654,-0.029341637730679437,0.5534777042427708,10.573908550857883,0.5939085045505763
0.5611872266558171,0.04331599513029971,0.020833682668034648,-0.011316806306698624,0.5611872266558171,10.573908550857883,0.5939085045505763
0.5620813239817544,-0.02459135635635512,0.020635573111795757,0.007111047644549728,0.5620813239817544,10.573908550857883,0.5939085045505763
0.5566414409047322,-0.08143347077140106,0.022152064185051223,0.022454220424668492,0.5566414409047322,10.573908550857883,0.5939085045505763
0.546488495558302,-0.11762474462862471,0.024936154961366697,0.03213462235664721,0.546488495558302,10.573908550857883,0.5939085045505763
0.533971431934928,-0.12835571563518577,0.02834608871271449,0.034879060297557274,0.533971431934928,10.573908550857883,0.5939085045505763
0.5216581517247469,-0.1140420370155315,0.03168404299864669,0.030834256258637893,0.5216581517247469,10.573908550857883,0.5939085045505763
0.5118333349831161,-0.07974490049805283,0.03433226607724915,0.02140302104722025,0.5118333349831161,10.573908550857883,0.5939085045505763
0.5060994924530258,-0.033784873334596455,0.03586061527667006,0.008863054045363583,0.5060994924530258,10.573908550857883,0.5939085045505763
0.5051409759209591,0.014125284890141643,0.03608947592505096,-0.004142548844310312,0.5051409759209591,10.573908550857883,0.5939085045505763
0.508682140471544,0.05483234975339002,0.03509984309413916,-0.01513514447850639,0.508682140471544,10.573908550857883,0.5939085045505763
0.5156323436074715,0.08140265280738745,0.033192803869863674,-0.022248809101066414,0.5156323436074715,10.573908550857883,0.5939085045505763
0.5243660838720725,0.09020825387390019,0.0308126611317574,-0.02452119184079926,0.5243660838720725,10.573908550857883,0.5939085045505763
0.5330789296536995,0.08129223711478772,0.02844993060108436,-0.021987867956745788,0.5330789296536995,10.573908550857883,0.5939085045505763
0.540142528727757,0.058009145446437316,0.02654506766273279,-0.015580126660688975,0.540142528727757,10.573908550857883,0.5939085045505763
0.5443914431401797,0.026083910085258566,0.025411112790823864,-0.006865961389339148,0.5443914431401797,10.573908550857883,0.5939085045505763
0.5452980839457151,-0.0076859255778600755,0.025186993762133625,0.002304194510671209,0.5452980839457151,10.573908550857883,0.5939085045505763
0.5430109983528677,-0.03680377150199021,0.025828026411478078,0.01017047642353397,0.5430109983528677,10.573908550857883,0.5939085045505763
0.5382620068393509,-0.05626216755558566,0.027131946483994085,0.01538458440852608,0.5382620068393509,10.573908550857883,0.5939085045505763
0.5321744540150242,-0.06333821991988131,0.028791564237449663,0.017222961383197344,0.5321744540150242,10.573908550857883,0.5939085045505763
0.5260150996543818,-0.05788640493922337,0.03046240801247002,0.01566291452880364,0.5260150996543818,10.573908550857883,0.5939085045505763
0.5209433021733929,-0.04211888617139081,0.03183076459339418,0.011319717882148694,0.5209433021733929,10.573908550857883,0.5939085045505763
0.5178050794057789,-0.019968285033661104,0.032669243017804384,0.005271073344390587,0.5178050794057789,10.573908550857883,0.5939085045505763
0.5170038822894494,0.003812246030332034,0.03287130966814722,-0.0011886543972767782,0.5170038822894494,10.573908550857883,0.5939085045505763
