0,1,2,3
0.20332513780002204,0.18461803708455699,0.19299044710176672,323.55306507091893
0.10117102058996508,0.08852504321706034,0.07349119280820354,328.45459098248364
0.06310083264975147,0.044746685369179195,0.027151676348113996,326.461942950845
0.05115593118716427,0.024830798287581834,0.010122853279820376,324.4828098879589
0.04998408690639328,0.0169278540274842,0.0036992361050676714,324.8331582966306
0.0469427517813803,0.013383834297153119,0.0014535006406692363,322.5472805268087
0.04597148874301504,0.012581834613434373,0.0005886058008605644,327.9715138637785
0.04625810442091555,0.01211606105908225,0.0002810374461796883,317.3574682327656
0.04629988183297873,0.011931080490245272,0.00016290314942951634,322.6449778924689
0.04608924831096595,0.009931830693661103,0.00010124593562133022,323.54765317809193
0.04820405804810901,0.008555044421090285,6.526523409305929e-05,313.0929537635918
0.051222512357657735,0.004127155906899327,2.8062533467265727e-05,288.43085328721645
0.6427674207309761,0.005047921480676787,1.125183376582406e-05,284.101864704079
0.8315808564633114,0.007977793113660092,5.551580857909855e-06,289.8587001414828
0.947288111255944,0.010332995765875819,4.202007153786269e-06,291.55296640171326
0.9612138101092216,0.004715318247572597,1.910007327243779e-06,273.8887333440507
0.9932539944973282,0.0024234771455062254,7.423601904310573e-07,271.57002211148904
1.0192031268147839,0.008037880087637506,1.4106064824548348e-06,294.2201899024763
0.970568646610769,0.014950826500797876,5.1471058440388795e-06,294.76623292703636
0.9992501004286358,0.01768629413923284,8.341838242054145e-06,291.21464917185676
1.0037831459960904,0.019178145351949505,9.78258193973236e-06,298.6994619634301
7.509439520192451e-05,0.0017425754116762726,2.0731042056014086,559.5798064505475
0.0004956805533581354,0.011553680716342885,1.9390784064598534,500.77210085395774
0.0005676911229927639,0.012512101876253956,2.035465692781221,504.1190533995087
0.0005598934317254667,0.013250878894266127,1.9571210874896647,503.9815256047328
0.0005477452100749458,0.012418919055269317,2.003617753954404,495.946325885827
0.012964023919564138,0.18553337825082117,1.1261652122763541,409.68533687134294
0.01429787458149867,0.2815948325794546,0.7895444065139202,402.1823277300583
0.0015149245568801262,0.03615987329069659,1.3914260960349147,463.00258765076
0.0015564558402838546,0.03706837442482647,1.4550925541581208,462.44919713167457
0.00013483984460560539,0.002998943097851592,1.5009934823592157,533.1110719857007
0.0005020839286501433,0.011733747463683941,1.5381545408093955,487.18734175233965
0.0005609496234313394,0.012464682640590585,1.532827198534131,491.72204223492184
0.000561824020349877,0.012434709658464216,1.559339694438552,498.7678846799925
0.000540192532756667,0.012580280176149816,1.5523177163358466,501.18394842633813
0.0005368669809723836,0.013251711407518685,1.5640049023247136,499.72965418131713
0.0005459387098907253,0.012756910691496814,1.6070600070715573,494.7572669531814
0.0005453706502668854,0.013089756203650216,1.5848553781627996,497.658031522999
0.00025328987017370075,0.0059922814435739435,1.542957184339774,511.03683530785736
0.00024840178054119644,0.005809049659063037,1.5741948319464985,518.4888182426147
0.0002524885378947239,0.0058303686223792894,1.603587386959306,515.5033637745082
0.00025721625818897476,0.005813218344543014,1.5766380670438556,522.9021957830091
0.00023931058930004578,0.0058031281419720915,1.5822685417337685,522.2351978699581
0.00025350977616345194,0.00588599771606102,1.614069176735957,522.5508670586984
0.004482476237488153,0.10414966590963365,1.4675496590880333,448.1513122636412
0.004798296808832314,0.11114869053877274,1.4556514923420298,431.6035765747909
0.053326976328093745,0.05837683770275626,0.5891945887779089,335.7399225101571
0.08799419279141973,0.04315386064771676,0.2072374782109036,327.82183621873963
0.09569958417504709,0.04227786710352305,0.07498788468329887,336.3712732513586
0.10439043440598972,0.03259683343969527,0.028500428093750863,322.95828928052725
0.11085046866018322,0.0268292985463634,0.010803445963964597,324.1583701551189
0.11421520967837606,0.024247036290403978,0.004122383785018835,319.0087601027006
0.11160508445878525,0.022886238641836254,0.00159693834389818,319.14142549442465
0.10977850137090284,0.023564022017100228,0.0006661845338201688,316.98904785959047
0.11465921613006191,0.02285526206626215,0.00034769400205719725,327.0400515922966
0.11390226412143611,0.0227670828561215,0.00022387259022038641,318.22489669173876
0.11483267542512182,0.023402990201876528,0.00017739769822039397,320.89261013061054
0.11522101488181946,0.023998063846977336,0.00015993932243835163,321.11993809770064
0.11677062387082893,0.02347412630535617,0.00015348843434326298,323.60362650099717
0.1165502710840085,0.015569624149649686,9.277934302165392e-05,311.1939095729117
0.1237208406512389,0.011274524352043958,5.276480813504181e-05,306.15010560459757
0.11996067205822947,0.009365157341867547,3.2072289946782906e-05,307.6198283049849
0.10315329627331904,0.008829262531543258,2.5559279713149863e-05,310.50898050540576
0.10148561721066507,0.00778382453276244,1.928846967813591e-05,312.0669156168525
0.0965271756554027,0.007038114809210461,1.696099318293509e-05,310.60090871655296
0.09045005348750507,0.00683526277878832,1.581776483788877e-05,304.8727351935778
0.09632762910621523,0.006722961990199561,1.5319355638587773e-05,311.56159027605406
0.09397377299471449,0.006741175518279241,1.5136948155691776e-05,310.5079841578508
0.08841822599709825,0.0193352862578558,8.715463089781217e-05,327.90450237938416
0.08145080096682977,0.028753185041670848,0.00024194770165147927,334.87034137248804
0.052708547897625524,0.08949866398887435,0.003013470475373148,352.04166550969137
0.002092961453763864,0.05870153223406793,0.12761287769053486,418.18708304938804
0.02814488509207752,0.0715978954433108,0.06413471841320051,359.65472292754055
0.03648458138748806,0.0910550167691645,0.03007775347135999,352.6579825106963
0.03876302037823803,0.10216647128529072,0.017529414527727383,361.83569740848026
0.009248071999194252,0.1232587827442389,0.049629594368044205,386.4381814754581
0.060880517845848026,0.053969820498134036,0.021039452124681224,304.1853896550542
0.08198496598485505,0.020693725124789064,0.00779364573923208,299.5286114419277
0.09273090663750799,0.008916654882222763,0.002803636529269904,304.3227223042388
0.09528989281151723,0.005019879435457564,0.0010599616180574922,305.21817939287547
0.09915221287320192,0.003351894744661743,0.00037723478862666804,293.8062331031369
0.09414540542471178,0.0032446579202032866,0.00014495692497068502,296.4024558121955
0.09203113948443065,0.003223867650562262,5.6231874943912796e-05,304.40439888752326
0.0988708568638742,0.003289742651095273,2.279099214191893e-05,304.1674697959478
0.012966094977521714,0.14633680577727837,0.02343413211105788,379.4142732711987
0.009976312063463888,0.11442118425829256,0.06080973299788639,380.15467186824105
0.00973943164048996,0.10309223800583589,0.06698960643963581,392.99251752804304
0.009744912687745022,0.11331135388490798,0.06960630391913358,381.4874728702774
0.009960929877701585,0.10656066618439586,0.07008453992543834,385.2726272554135
0.01019178970557566,0.10760651146095312,0.06762651769628919,384.54076117799883
0.009875473374742927,0.1037376699126305,0.06888154966184329,377.5356919439005
0.009902977570304172,0.10590088926746899,0.06865060714292837,389.2868432017873
0.05583587340721957,0.05775425849156879,0.028141569691941204,325.65229001090586
0.014408868909874195,0.025244811898556152,0.010600473904992025,321.5929313529734
0.001673011566514615,0.010402043915318238,0.003923455941915566,320.31487442284845
-0.0009491605669140757,0.00018206672348469732,0.0018414371878692215,374.9256901600431
-0.0008316886950797686,-0.004785278453909858,-4.190306762053009e-05,371.04168435298976
-0.0007912061290270556,-0.005477720135523945,-0.0012913385491998275,377.57012028204434
0.0007443290159246385,0.017088664461375802,0.9402047223396659,480.5521131600268
0.7664258188741373,0.20917121122108978,0.18987718427101274,295.81342376614344
0.8354416744338313,0.089667068453538,0.07122533539460169,294.12390825251924
0.8591985942269171,0.047649310854287585,0.02551937994556913,297.33335297835293
0.8606286089833504,0.03217264382019647,0.009100447052178995,301.4423430506487
0.8075179225800726,0.026003649260057604,0.0035137412894333253,296.9571506596617
0.504988998169841,0.018970698379834228,0.0013135338770305371,301.5167819107538
0.3807870692286076,0.014251854233968964,0.00047244129283013914,297.61722918250194
0.35809884503879413,0.011485395711716695,0.00018839102094780902,301.998172360635
0.3372391921250221,0.009497539063820282,7.263246172439786e-05,299.95904030317166
0.32520212217259803,0.009307787402105694,3.1852835781054356e-05,297.44847372732625
0.5294706259112759,0.01081532630445442,1.6386845191340704e-05,297.5166090987006
0.6226471583945737,0.013625719798004143,1.241785646194371e-05,298.21070693458296
0.00028810534077738925,0.006481551498036697,1.3022890897328527,510.66076386989624
0.00294219803387058,0.06903160984488166,1.214171942725229,448.3085552823428
0.0028451958150692014,0.06698603057846114,1.221481782121516,447.8002488817405
0.001226211322475912,0.02884778596718246,1.2550639100612457,466.354018442663
0.0011774891835837353,0.028708292267750346,1.2506300774112151,470.92935053444137
0.0011794132680208458,0.029271741550378094,1.284979192432195,468.1790527362501
0.0035619531788562697,0.08005440843999623,1.0059509075729665,431.2466182721321
0.003627362158066638,0.08082433851228404,0.866039103572786,435.7793998466804
0.003553963088957779,0.08167759237517935,0.8194456130527039,431.94662584979056
0.003726477725334576,0.08258378477584932,0.8190969205104386,441.42263565006283
0.003493344365286366,0.08268336916694147,0.8013959809410899,433.32222135468834
0.0035429321013820125,0.08141176805168282,0.8070893808261228,429.0872064829101
0.003625984883132316,0.0836511097314886,0.7953626339230321,431.7659262330576
0.003575254673254924,0.08130160395407593,0.8321521651264093,435.2481090627196
0.010896721147607924,0.1522970929510461,0.47479310524490553,403.9760440199195
0.012783995114060642,0.1801712359926687,0.30941395646550446,398.69183090591844
0.012791753004687934,0.19426282907921577,0.24836371451209605,394.51013035139795
0.012283624253161318,0.18376802386306113,0.2349360181636393,398.35051044788014
0.131836148837774,0.09329974046579814,0.09181102768538252,315.72474957337806
0.17430697634677406,0.04270398810389181,0.03416540149995839,309.64970641271555
0.407551716891241,0.030420920419514774,0.012981335217902679,311.92593028842396
0.45896303531504595,0.03204762657137372,0.0045865927790017524,315.72017316501507
0.503074345735049,0.03721388264933995,0.0017351478639169304,307.87505394662264
0.5657811757744928,0.03972117700427469,0.000725216399546591,305.90413165938816
0.5912266855420275,0.04333816499503884,0.00033029893108060815,307.7482059569043
0.5856369455287184,0.04420426115746606,0.00018188477760106014,309.74905763202463
0.5823079819577573,0.04631588394410224,0.00013254391217243366,310.64597402637906
0.8075425965147152,0.05517576315070999,0.00013132281232464127,310.21391718471006
0.7652645698114785,0.05965796168733151,0.00014881821419826524,308.33419568437927
0.7047036100258216,0.06061551967630352,0.00014668170540471648,311.207677119384
0.6922626246103968,0.060426435331737915,0.00015469990264349587,305.9953144125603
0.42041787866583447,0.04808595657099474,0.0001413128531279617,313.4615835130536
0.4863939870900488,0.03952918854618703,0.00011480931255752891,313.58724997164626
0.649631822389184,0.044109112726209654,0.00010411290463968603,308.2704022446183
0.7169444000723781,0.05078647912692086,0.00011482123927969434,307.0635109796851
0.7352824110455122,0.057266169068096284,0.0001290011838791516,310.4246865650538
0.7477532691580503,0.060114403089078894,0.00014250569540513736,313.8114484299521
0.716866202460128,0.0645025795727735,0.00014809638716400952,311.70871856330314
0.73516194882099,0.06232083598017346,0.00015596315785304515,308.44174517723553
0.7656276571127674,0.06158542683051238,0.00015908985288259903,307.6164654660724
0.7491878222747195,0.0643767588882721,0.00016152485974130215,311.4196502903069
0.35262593377844004,0.04735332661885322,0.00014440150430938825,310.9565957612131
0.21240770742454035,0.03006088582799432,0.00010335500208241699,314.0365149043403
0.16543130448051357,0.01934939052432616,7.257097456025985e-05,308.01921784700033
0.15167485358632382,0.014470162945585008,4.875470360565792e-05,309.8284695637723
0.13962210950791148,0.011482961452910834,3.576569870689106e-05,310.46654988880147
0.14436108007301396,0.010804048736755112,2.8810744697738144e-05,307.89175748094306
0.1418749420805251,0.010020502609930149,2.40035957422835e-05,303.6215659339141
0.13875827489356618,0.010361544677763956,2.227239513608037e-05,307.75766545573674
0.13751083813976184,0.009855655318097012,2.230156846100284e-05,306.5330710838202
0.14420305542586243,0.010251096152030126,2.090090273226819e-05,306.5857985238911
0.4313606004860741,0.019395850764461542,2.8017537356483935e-05,309.1892917937516
0.18971019299744185,0.019088467807096166,4.148875653742223e-05,303.3377452491935
0.11554407764854452,0.013648207238292964,3.7618715230447464e-05,310.45436681074284
0.08103702736706447,0.0074785457833693725,2.1773361607857478e-05,303.30842036744235
0.07115339942398352,0.004313243197092531,1.1536837723091775e-05,298.3264523002322
0.0683632278935723,0.003975553343013027,8.352668164346433e-06,308.5708799643683
0.06739961886863127,0.004191331791649766,8.164917070119238e-06,302.7510584434799
0.06465037095588233,0.004130168150795865,8.041713364548286e-06,309.33946963658485
0.06699892299618299,0.00415435919047169,8.203118366578721e-06,304.76085751881396
0.06634083559428311,0.004122092679245792,8.06329317620813e-06,307.8398984724247
0.0651192484739892,0.004135175010767267,8.339771017829012e-06,308.8251418067145
0.06413454163733179,0.004154439842196489,8.215311434300876e-06,303.6556244452751
0.06598017480371521,0.0040955007898980655,8.083941874403866e-06,309.95539584414064
0.06546007722952557,0.004062077891614557,8.256370769677002e-06,305.9196457889825
0.06748855723993791,0.0028289993187807783,5.2492648095481265e-06,296.2759170244429
0.06800089850613378,0.0028295844139706317,4.380457248376324e-06,302.8491216086859
0.06512591298237824,0.0019530172934395518,2.6411926609126724e-06,297.90264434305476
0.06386570305195477,0.001342368110857084,1.421344907048816e-06,287.66405748104177
0.06642019681652278,0.0011075971045244049,8.423160723913803e-07,290.3104881638999
0.06415066575501405,0.0009849768736471254,6.095288843099844e-07,295.79896465347935
0.06646225572472897,0.000983045086658474,4.809175750408734e-07,294.21698946105903
0.6087140054140124,0.004416254336494119,9.176523620424426e-07,292.2050099093255
0.8129621922315086,0.008954964883165606,2.3642776467158733e-06,294.98861943933974
0.9181453348255634,0.011831046941396417,4.013471747665864e-06,299.1994888546836
0.9048977285794578,0.012977621322420418,5.225229099847795e-06,298.7204924420023
0.9316117324496439,0.014507050201995442,5.893530058975749e-06,291.02989928029064
0.8763641752438925,0.014216252305587429,6.125835430359494e-06,293.24739406325324
0.9064259958209975,0.013707090873866179,6.47582531532187e-06,289.4387779276756
0.863631491036555,0.013223782731366707,6.278784170032914e-06,295.278274627106
0.8721988678210457,0.013835729953125153,6.12165083913041e-06,293.65121906290165
0.7862568146364866,0.16501520618682525,0.0006377579898278474,336.8478765982219
0.18653764666037587,0.258567134843794,0.005090020600821088,333.79575376409775
0.05835892639942647,0.1252176960592285,0.0034364102647797545,322.0442197770557
0.11283262901282975,0.06317013241044483,0.0018979236344057182,326.99485655029173
0.23046007945723923,0.08093730017372314,0.0013470463394019694,334.02247063569564
0.254104483986793,0.12418368981024741,0.0018123262501246185,336.3408118837291
0.00011618940094343388,0.002684296976735445,1.6951425007925474,548.9930303488652
0.0001973080901404578,0.004273378229394942,1.5705141032580219,530.2908242739842
0.00012342311697771668,0.002937272133160862,1.5154511892920477,542.5147992497691
7.089050244057926e-05,0.0015475050431188464,1.7484395446509493,563.965405579623
6.775072669779059e-05,0.0015539209204531446,1.8096565026286233,571.7138576440927
0.0003520651241962214,0.008434942280460378,1.1564948252212144,485.70114344450644
0.0004037647468010386,0.009922342897710323,0.9191380798341765,480.54998901885847
0.0004188914449476666,0.009749253165463823,0.8178481200175112,478.1205169586133
0.002487256250667813,0.05936206678577033,1.3856396913242317,460.688151936432
0.0025740647724780685,0.06335083797873098,1.5836011249749733,457.8868921608109
0.002490125452419778,0.060279913500834725,1.739839587634476,455.2394591614342
0.00251464239986654,0.05879617283255034,1.6999802018976184,456.4188777216149
0.0028522670886321766,0.06997758933338472,1.7738266808812584,450.876645818093
0.006021774040361971,0.007774792494110949,0.646236344044429,330.8117244820543
0.01009640933705197,0.004468940462041271,0.2531526458787075,316.91780148282425
0.011539581397021492,0.00318714944056947,0.09094319283973273,321.6763073816622
0.011908979287062582,0.002878363803035855,0.03267025765574788,322.83466734648476
0.01237623269046595,0.002833734765987861,0.012002411868543561,325.59244912700785
0.01188944842955908,0.0029298876210563374,0.004477793091801019,323.52496360953575
0.05858648763436031,0.007506564762265411,0.0016858172389179749,320.34506839522356
0.07233995259913778,0.013522025230665535,0.0006749082764158643,322.7878237186537
0.07591187518559472,0.016509941338785028,0.00032717204517840326,325.46482881158516
0.07764959676074173,0.01825592127152742,0.0002110957404674041,323.48690704520897
0.007090891028713242,0.12565396093902792,0.03894616052962163,395.1181577506217
0.00661757568016913,0.09318568991830933,0.07504799079063745,384.8248882357574
0.3983412606561647,0.16421802078949332,0.03498834064302492,325.89296148649856
0.5590799435455365,0.12154229179736942,0.013100328548754814,316.14519128289896
0.6342059411003974,0.10512976781451733,0.005193382762922305,316.48080559069007
0.6448645832117299,0.10869719107980141,0.0022550045078126857,317.9987252226915
0.6492423827081621,0.11327194072801666,0.001222651611257508,319.41958406494587
0.6668856211776252,0.11037705401261982,0.0008446226810545077,319.8599953363503
0.6379654099239305,0.109329105152568,0.0006857429541797244,314.5583094188212
0.6848737929079232,0.05328515483690183,0.00030962103839105026,295.422323257619
0.3704814700506,0.023356004594008772,0.00012245084538553552,287.7530349337208
0.29386184473436044,0.010945340615841903,4.782708579764705e-05,290.09635839089714
0.2171754453159087,0.005717880493077254,1.9926114615598234e-05,291.1557083739833
0.4277886582990435,0.04019100882175053,7.888992428034536e-05,324.92687143034476
0.6400550007151241,0.1402323620582816,0.0007390551959989278,330.04485679667164
0.6367502917369264,0.26787592813589556,0.002862003232121213,335.26697937852003
0.5928218661775326,0.4259290753671117,0.008034009737992509,339.7809639033497
8.246912066234291e-05,0.0018049004658435286,1.642889917675525,552.2044628775204
0.037903517950251986,0.022829780553291323,0.626437946768934,323.0704449913874
0.06783834201109112,0.012358984946989116,0.23252801536797574,313.69810008920945
0.07961151845674763,0.008384523663538312,0.085089558584034,309.3427309581097
0.0014592716384263515,0.033256299169491965,0.6146500254310507,458.4713092016763
0.0024836791569645134,0.05994024625967598,0.7323227739816083,437.6748073241154
0.0025301191305846515,0.05794831340698681,0.7878548361107541,439.5599144081814
0.0009534067359420195,0.02264443577717462,1.1089318468077336,466.6528709285323
0.0008787978944023722,0.02055310930007148,1.2100480436176204,485.97482789935646
0.0008800292421105027,0.02050988088839517,1.2885899853867508,486.4128031798641
0.0009086422717690112,0.021773313332259514,1.2711921303863172,466.65593456249036
0.0008770516719264765,0.021511127397852048,1.2715235953946729,474.63467433950177
0.00035749582239053,0.00819894218255296,1.3231621935271984,497.98412937349127
0.0006271202147755672,0.014704560252490062,1.072442495212828,477.8032870991541
0.0006333089041543616,0.015291834287618544,1.018370168975481,476.1166060760946
0.0006331920363463195,0.014935926112317033,0.985695974130358,478.15689529610626
0.0014705786985843017,0.035018364236438615,0.588696295559746,441.29617030216025
0.0007084548856518547,0.016955708198167496,0.8135396873354285,476.29895020979745
0.0006799075051737713,0.016145155026031366,0.8812640949970837,476.0907546178162
0.0008548125305322118,0.02094826141754963,0.9117357031566422,473.03535046813784
0.0005015560258592733,0.011526322653743815,0.9676593737608667,477.6904339353279
0.0003734122987599231,0.008783521276848893,0.9422501485562766,503.1506485237087
0.0003610808295988477,0.0085707925789274,0.9677489535089698,494.71045784724856
0.00037241251796998887,0.008641510213095394,0.9491192844220301,500.31619737812713
0.0003570250003239739,0.008603464719738718,0.9583813995236296,490.0217567507125
0.00035895516319778276,0.008727841926552127,0.9685903465348977,490.29193616997287
0.0003618712260606838,0.008509523318851797,0.9378261675706312,496.30373580548536
0.000363684179941981,0.008482400566254877,0.9483699376878902,496.14459793135416
0.00035901514543690283,0.008392116846568487,0.9847603054467243,484.2150593265499
0.0001846934480951301,0.004300648040071298,1.5267684627049216,530.8190389526794
0.0002769978541851126,0.006056180714304471,1.7045169030109877,519.2590844258225
7.703295870170601e-05,0.0017494415821024956,1.8416272131030162,549.100939418533
7.565340924059472e-05,0.0016385019444730697,1.8303616545755863,563.9955719420511
0.0011795263721879334,0.02864017186702239,1.8548642426878859,483.2015034652388
0.0020736868516187945,0.0508738100954656,1.783486947173289,463.3185507976386
0.0003367833048715796,0.007864602649461705,1.8664426226507722,516.4437369620633
0.00024913771151990893,0.00586402993531665,1.8730958685387165,514.8020487264795
0.00028787895442700107,0.006682708681362726,1.821421703248253,510.00216810266403
0.09783973795026557,0.3917063317261478,1.2737123377901194,368.05266330357415
0.612122756352375,0.18723101857604052,0.4717146176588679,293.64247521254356
0.7932587822551375,0.08016357383616962,0.17592294924865526,295.6317966456231
0.0001327080702490102,0.002914487170129376,1.84590334234542,546.0516629550539
0.0005041666958280899,0.011414140654719407,1.892783941770607,499.4767650308632
0.0005016549236785961,0.012170498600353852,1.880376775664009,498.5194082840802
0.000522166278124403,0.012001324175255068,1.834517050818808,505.5476996850493
0.002960479601321897,0.06815130791998736,1.8686954964388436,453.91842154158803
0.000742137598704895,0.017594676809383536,1.8818166095015905,491.414481831852
0.0015711322281746765,0.036692255244937466,1.5688624091393641,470.645988983598
0.001594321652136521,0.03871155805005727,1.5525077048395475,472.1429263954255
9.086015040943307e-05,0.0020392263083507944,1.5365176466479527,548.2701595530655
8.042307970990148e-05,0.0018542096175228062,1.540580794196645,561.0097234227901
0.082053808378796,0.3205072360933718,1.0982485495477177,374.1416388024368
0.4995650337672983,0.18657023709152026,0.3868643289384175,309.9301513211197
0.6605685300058065,0.08858036616947873,0.13677566469927493,298.4306541183385
0.7387042511049312,0.05319588305198547,0.05257298114578368,307.73045168973755
0.7246069973043309,0.03842362618930234,0.01899006322356911,300.9709214578937
0.7587356921048674,0.03429983014182103,0.0074955552973146045,304.96734543399003
0.00028989381251359747,0.0065787539107388104,1.5680111102031922,507.34167448898654
0.0011268367975357796,0.026239654862810435,1.5460658962791902,467.4913253344511
6.895137103440918e-05,0.001539836998290911,1.9244751547858618,554.3481347815487
0.00093174905825677,0.0208009644524092,0.8771961021645591,439.01093594680356
0.0011722644701446794,0.02812202897680649,0.5306686434493039,443.3287311794843
0.0011838317393578768,0.028515183513935116,0.40092147271048284,437.6630138389145
0.0011342931239416432,0.026447140498461752,0.365605036337786,429.2667739880472
0.03205219305544066,0.1325500292894669,0.17767313811732055,368.3556774596684
0.04149703416968137,0.19108883083871142,0.09187778929980611,366.6504429157814
0.04230068273449061,0.21056816688992608,0.06217877387744486,374.5232836443273
0.04136858409786193,0.22783748552995575,0.05551759472547968,364.6176073100628
0.040484907739675224,0.21977040246889024,0.055333674562854596,365.2867967067323
0.03979567700148312,0.22455589578443597,0.05263672297459365,361.43738812266525
0.040852094435139874,0.21620310340934312,0.054714996353458834,362.9272266516796
0.012716083383897347,0.20846161553853038,0.12342819821020234,391.5964175728444
0.0029562013762824413,0.06490033266613282,0.6248603583658334,441.5674833988795
0.1148539254428938,0.25757760184241557,0.3136312743989445,354.48396011621054
0.3069806232834101,0.11990882741373354,0.11871376869764866,300.04052063135214
0.3931450583779742,0.05329914331104135,0.044581166137977024,294.28034240420806
0.41479360904044044,0.02654374627113565,0.015129424761536447,301.0632333674336
0.7233398166030398,0.036002721026356044,0.00594533503918343,313.34952393184653
0.00016499231630895395,0.003963393268570148,1.7359890613569913,544.656774485008
0.0007427750531733834,0.018985445382339428,1.7873845912256752,478.91318697471024
0.0008412192225753512,0.01974380487984101,1.8445940733112074,491.49750505325875
0.0008113096384241847,0.020318958728503367,1.8350473566047156,493.09454699729434
0.0008328570114531919,0.019729194732796773,1.840009748467773,487.0059870263678
0.0008252050594124705,0.019718939375852396,1.795400450448205,484.3957532161908
0.0010255767940546279,0.02410023212433776,1.8735918584163882,480.510293280718
0.0009892903602261027,0.024623754344176296,1.8118140894756598,480.10930169351917
0.0010438716669291526,0.023773328392085735,1.8426794392556591,481.03192653789654
0.001032945268742702,0.024754837289061915,1.846347557541548,479.4925191371602
0.015354441668025687,0.2517489053816995,1.2409754545136706,410.06638033547574
0.12776160904475542,0.35629085972821417,0.5604955504205206,357.0756161165245
0.25198344117679095,0.3245482864503772,0.21979741095277538,343.3167276180306
0.29855566323675387,0.3517519590752008,0.09207523793701922,348.9547172504843
0.2966278658934201,0.38902609701620855,0.04513886406722262,343.1967383146683
0.2688668358329831,0.4191812681104115,0.0313337372849215,354.8092397901563
0.2644983243645545,0.43007205875752963,0.028921352151325685,351.5719125153086
0.2713418493778326,0.4169579773616374,0.027535390977198926,345.8554747805835
0.2727056466622274,0.4518512413005066,0.026447991057827858,344.21110206234647
0.0006635110668398725,0.016602070350549447,0.9777014388220308,472.7858821171698
0.00028681833106164456,0.006670290223073694,0.9989567706562327,499.4150692834965
0.00027777111261945153,0.00634281202828596,1.0134489938372486,503.53914292322474
0.0002769558957060325,0.006304524510241216,1.0188770084808532,500.02312455820635
0.00027738726333437214,0.0064066605413306,0.9905211507827926,501.5792459169409
0.0002579862863584803,0.0065234049773644776,1.0241111269822143,502.79275732546836
0.0002681691174943879,0.006532111234242299,1.0062585099150188,502.65616592138906
0.0002730006407131724,0.006417059378112766,0.9805244234583698,503.58289127968874
0.00026571165376076955,0.0064003294155339785,1.016824126474197,508.265857373053
0.0002653232909031744,0.006302374696767699,0.9800452332345506,504.5571363071274
0.00026341312764566194,0.006441219882272087,0.9760335767929323,506.7244166739304
0.0002642364398707242,0.0064602228912192805,0.9776214049890484,507.4437222112517
0.00027667401192382757,0.0063727381543468575,1.0021966609736428,498.14884818317256
0.0004566437244862276,0.010604089039169928,1.0015124244037061,488.49409882074315
0.23501518006091182,0.11653374874308925,0.4377870665163707,308.4650812397023
0.39192362893177674,0.04606368408647321,0.16136211318474258,299.7557232537803
0.00039316496785296584,0.008442124205597201,0.9671615900731763,478.0612155994992
0.009468232773362284,0.1625138272820007,0.8074843659155561,414.9552694991059
0.008779568519885261,0.191345839867742,0.7969901091688272,419.970544294675
0.008907377744068634,0.18080675796138956,0.8230201095575487,408.9375107629617
0.008778845796103552,0.18123566936673685,0.7828874601438582,419.72983805652586
0.008737183047864916,0.18578981249545834,0.7695860864506591,423.3676802068894
0.036191118388086585,0.25733574668307324,0.4531908392898643,378.6719779495385
0.16129133094359233,0.1967337315363965,0.18015487767090443,338.9390880017183
0.23300252057106657,0.13278006228561234,0.0673258802068124,329.2528658734501
0.2605752091513584,0.11134307578783786,0.026730755177531096,327.0319943172554
0.26906857996866845,0.10624969740981433,0.010821654932185565,327.786890210062
0.2764133140170896,0.11522260224522896,0.00475764658118083,332.6299784542665
0.2658594557577349,0.11560557955098955,0.0028477228185113113,327.6062298305307
0.28383578337604043,0.11954993343102549,0.002005757474195513,328.42606104747256
0.27270642504226117,0.11459175221744722,0.0017199880331226214,326.58071446091856
0.2843685438420209,0.11412776824466764,0.001661262488642512,329.6710436611985
0.2860333100244726,0.1148657565000335,0.0016308425617727051,332.15232460469537
0.2859872797586921,0.11485957011803649,0.0015864513099664856,326.04642609081344
0.5555373556308028,0.19633385716592078,0.0021997836787546188,340.9148209418236
0.4293220620056694,0.2904591562918473,0.004837276032741367,338.7118666096742
0.4087285180434019,0.2912828398871349,0.006483530562475359,338.34253445664905
0.4169872501158506,0.2769322999971538,0.006139770927915511,340.5805982528467
0.4102969023451667,0.26452334506393727,0.005900406085629306,335.7451440256997
0.49067071939128437,0.30127389416973505,0.00608878499411708,342.4873086282131
0.4667068495491293,0.3830294189811831,0.008848394844091279,338.9945713930171
0.1431880152048115,0.26778987511734553,0.008309441261998951,334.69839548779237
0.06663492299178547,0.11296194842228235,0.004489647170818123,323.2339974587353
0.04428463222484075,0.0517980176765272,0.0021098825163053947,327.61382133795087
0.03913669197539782,0.02710902823859368,0.0010125042010851737,316.453781216444
0.006242918955268573,0.06670219205673461,0.012052138059697237,384.58411735923795
0.00020731364906068084,0.005279896466612366,0.07980487368866934,443.0852532212094
0.001057685693004018,0.018583503407359536,0.06479274197394413,408.1571446844022
0.001116872715775652,0.022110228868151727,0.058604098092594537,409.5087992901436
0.001089413725626709,0.022623201088649958,0.06049734799126649,419.70797441096306
0.004587591640035638,0.03588378068657244,0.03790825967817785,378.2271804976268
0.004143973546489044,0.042854819236311126,0.030450961020859646,378.21545662037187
0.0025027999095569853,0.0387364414492819,0.037699434028132583,400.924986601509
0.0025004128687695637,0.0368378681319087,0.042838112003808715,394.4142946213449
0.002439769831786953,0.034957021581164927,0.04118649132558161,399.30780436013293
0.0010250544185004817,0.022735032196562477,0.05952863091336685,411.0606385015653
0.02484895892704231,0.010973078739811015,0.023038765022681262,298.14405299883236
0.03446654004253025,0.0042102291861045305,0.00810699438085688,282.0654895675384
0.03901028495260195,0.0017761258338149233,0.003196446294594091,294.75936056516883
0.03472847565990217,0.014285023511821537,0.001253843385632114,335.9128086474293
0.027193537767542575,0.02809536699905757,0.0010849459021927688,339.44580119234297
0.00022090957725368066,0.003480928226706037,0.713091242808506,428.01482871132595
0.000872206460288627,0.013066459114147833,0.2723881028308623,400.18882366193844
0.0009716076291497178,0.015115704432852928,0.12057011131572709,402.3178544036881
0.0009502713934760321,0.015529925056945504,0.0599314126540752,401.8315956242275
0.012108625437338483,0.008157047283234353,0.021835515170961273,312.3233008694962
0.34268595018879755,0.028437476893268088,0.008189001294436948,322.0784192679193
0.4496014996391669,0.06012138200562561,0.0032093099176776496,314.3501981853869
0.0001654908240312225,0.0039506217066535565,1.057605630850143,508.991326693918
0.0002037822495670749,0.004532978510639496,1.0649979933491478,511.3784222690977
0.0002028915071813353,0.0046321218902282135,1.0975055757922065,516.0047348411696
0.007962805737628253,0.15244475740175578,0.9851341903396328,424.89488234598525
0.00752568295218653,0.17646838977100876,0.9349841213777221,424.66141056212297
0.007846728018172877,0.16726662956950944,0.9104271157277305,421.34205529694765
0.0008774714984292609,0.02059721573187767,1.5968423161534597,495.8115442544765
0.0008106354888786638,0.020233677678610673,1.7625065652411147,488.9974545087413
0.027826450710444595,0.06539616557158134,0.6858777547940775,357.3915627622389
0.04985321266866716,0.08608446712045847,0.2484880181871571,353.5260042627022
0.08544587464413589,0.04121156939780962,0.09524995129543584,307.3550420834037
0.1009148935026431,0.01766540443673964,0.03556739077966342,302.266901872493
0.1091615064400332,0.009490722695473686,0.012782633971607338,301.1644772113377
0.06912069244688784,0.017734749979406828,0.00473966974251161,324.74574557013693
0.05112497570175778,0.022039997444056214,0.0019203786606562523,322.7480217100351
0.04595423215859962,0.02098531195864667,0.0009201596291815717,336.53927186527375
0.04408910130144772,0.019799354785943468,0.0005097879581008602,329.01163092618316
0.04174040669716522,0.023481935321250536,0.0004843854553154836,336.7950714310017
0.0477593363936068,0.010417760196447523,0.0002022638513572983,292.575925838161
0.379191738582348,0.0067546815427911855,7.610785677575338e-05,291.69958169010755
0.4764773784949034,0.007344131573002011,3.0462503156247767e-05,294.81249153061833
0.525252184119659,0.008323398622022637,1.3364595525200418e-05,292.74225369326746
0.7434122489313838,0.009770760238186849,7.976020030553421e-06,297.4694243503233
0.8361946127353337,0.012101726433382864,6.387456314815854e-06,292.7295704922547
0.8499340982064366,0.007649052706794335,3.4845392865578972e-06,283.2512636299467
0.8436661704632763,0.004732566847948316,1.692478816706089e-06,279.04128160040943
0.835292928468507,0.045749440467493185,4.707134199566365e-05,314.62537470073715
0.8098413970355066,0.1054765432912731,0.0003229065622838978,318.3980305147601
0.7581658119402273,0.13456164737668908,0.0006086577471094423,324.43616464020454
0.7534672039973885,0.14742768155666142,0.0007977373848783165,319.723298410947
0.7650669188392802,0.145809051253044,0.0009137728158403746,311.8429286410176
0.7988349896163938,0.07851164268509092,0.0004515885018407384,300.0771627195649
0.8310238065992338,0.04402158640390552,0.00020398881641786604,295.5555437258971
0.3725310981255101,0.025169822598149982,9.063955640747912e-05,297.67874111465375
0.20694550594192762,0.013993218130867957,4.287598804902926e-05,295.0252703467407
0.141728803994271,0.006772069182698848,1.8043605226003567e-05,297.04368403215244
0.43618785767901525,0.005885077260659344,8.95670225320444e-06,291.8220507802694
0.38468470236733954,0.006221214102009209,4.918581552826318e-06,294.2341055721181
0.3710226241300294,0.006025547941517495,3.6291784942243943e-06,292.9008586091674
0.3680627716683832,0.00586234659963103,3.096527044443853e-06,292.96818540881657
0.3016229881708535,0.0031492347096255813,1.520385977060723e-06,280.17211022883396
0.2796974857656189,0.0016300207119127608,6.756520817829959e-07,276.4477369544781
0.2611223754739791,0.001068739466791091,2.9977291549077023e-07,279.203763411403
0.1593985276925628,0.21372193724459643,0.004640379730662614,363.38751870427063
0.08908895852597298,0.3216421409360577,0.03529169261860149,359.84751518846315
0.09137856871834305,0.23256071666398836,0.026360465240501285,348.1958123940334
0.09918979560560315,0.19236508119896195,0.018816839136644004,347.1761806123861
0.1278374754309718,0.49102701231009604,0.042237700871030515,366.4411978778396
0.00796121525611132,0.1183682133971159,0.8236691509775129,421.98059541998754
0.03249929714407512,0.37288200230264307,0.555883622010646,386.7784907833154
0.01915760497115654,0.3922031535828772,0.6063265096238536,400.54911817758773
0.012632160040932983,0.21941024025465966,0.7899627149069858,408.910973638041
0.025614106142964443,0.36746027166807105,0.6135716039020924,391.0260873840025
0.17771383892142,0.3731901568884474,0.3060334067253817,351.576625422764
0.3075844908411521,0.30396469464438736,0.11968104707629057,335.7842590103683
0.4333203285504861,0.3448704722205197,0.04984533897746046,342.875697014517
0.006874300114466825,0.9489359905016359,0.3899647675485654,458.02535789918966
0.009122480048509851,0.1540733018187762,1.1431549347608156,429.57934461442983
0.0011540193451788916,0.02827432495947574,1.710036050221444,478.57928541676205
0.0003540975938814972,0.008214843535956529,1.876631136352892,513.7013795216382
0.00022003040103579785,0.0049414614702701365,1.8958469860167035,524.6137527545766
0.001380902722101951,0.03351288327180568,1.2668442376840463,463.6052972477232
0.0016095543579900395,0.038067466295274244,0.9841110749067791,461.5632593979901
0.001591590472518889,0.03691815563423606,0.9516442609271103,448.5187739794836
0.0015823196096120262,0.03650774642879151,0.8934571220418309,456.43613845302343
0.0015965214417424933,0.037738909854733604,0.8920206519118214,443.633612332876
0.0001514518521851249,0.0035849554620618895,0.9239979230732044,515.3979375918972
0.00013963164852981436,0.0032378217591254033,0.930125890928212,516.594267024291
0.00014368389053237562,0.003103486039737424,0.9180505707649643,513.6072899385432
0.00014024165374498798,0.0032512162367227537,0.9580901074350564,528.2305469217918
0.00013747006981146281,0.0032462208740063336,0.9315521320260346,513.987796597701
0.0011177796891446157,0.026155434831128865,0.8836384701014853,460.24690938003533
0.0011823225611473087,0.029592859874258526,0.9342205778932546,460.5229864592711
0.004961380910858348,0.10998215256952804,0.8310408919309985,432.4730896046315
0.004810111391162886,0.11032709489650594,0.822575926291503,423.21509626172224
0.01030289285377417,0.18430876005320718,0.6281579029510186,403.3557944862816
0.008711426935043287,0.18727856214249972,0.5568209462014466,411.7830534579214
0.0006088388789104449,0.01382331374747009,1.3901492894616496,496.40263265651186
0.0005430575932957038,0.012984400971659094,1.6407060116585979,495.1622670962476
0.000563059547643352,0.013881346576604892,1.7310012018121663,492.53599776027204
0.0008153786009607034,0.01826879636968526,1.7049252353782847,484.0151473243678
0.005337611175034063,0.12343287762104133,1.6492000009872334,441.16227274599817
0.005328151757535371,0.12346092547534065,1.6380325026936722,445.0711162263832
0.18696173807419003,0.09120751209399725,0.6792384246753104,312.5415524429181
0.5331512658714139,0.041576969329755964,0.2395536402577889,297.3098127574537
0.6938604766266486,0.023954169176554685,0.09164429174024297,298.25155132926983
0.7175919691809748,0.01818902435734515,0.03352956643243932,300.1027792949582
0.4483731742757621,0.01308008023088586,0.012413926085781235,296.7434137115507
0.3136764554986874,0.0900330170413689,0.005204518785494161,333.47427217849173
0.2319660311063716,0.1751199630120599,0.004661758570830954,347.21906445490754
0.2193226387376669,0.18093186528469374,0.005317950288973361,338.552728782526
0.3625290928073595,0.30759320598518636,0.008124502347696405,348.30286101936775
0.000204922637666749,0.0045914816125844915,1.1984632495147534,497.7087047697563
0.00031774223071318053,0.007840487414756236,0.880850666221538,485.8308903633994
0.0003300003824331932,0.007867064828797399,0.8023773428963128,489.20350644126466
0.0003346432773617125,0.007972375214940874,0.7533756284945156,485.8661351895819
0.0017331086688361919,0.04052569360481317,0.7005537977464256,448.0600218652392
0.07352876709488981,0.24388126459941717,0.37552297324885936,359.96903137645245
0.14533656043458432,0.31383175010313163,0.14732539233967146,352.1689735294579
0.2443406595750528,0.20941935748681306,0.060738508255557044,333.45130143602984
0.2936818182027463,0.150228325891529,0.023763559076295016,330.3083397751814
0.3059402236854141,0.13356779852503675,0.009865343887252687,328.6825965860614
0.30460027128863715,0.12930448131985994,0.0047066941600450996,325.76531050303544
0.31330974137423645,0.12994908819564954,0.0029249266582205835,328.0680618469935
0.314441771433952,0.13112050431560363,0.0022032147784366574,326.7829308861351
0.312865737883817,0.13081423995849834,0.0019307108181592092,322.63210556184623
0.31294115630470715,0.13569819714887787,0.0018251210658427053,327.1089841933059
0.3142697550518783,0.13079195846746627,0.0018479885911042992,325.36346644813904
0.0003485565066394525,0.007989989977340572,1.3677380305845082,511.55147363414096
0.0012718281409097587,0.030302219258621033,1.5416404881978618,478.11655350412906
0.04429241650365934,0.10780954915942847,0.6350474373908089,358.28940801980184
0.12797689109235721,0.05937796050717903,0.22898770133518936,314.8185164452612
0.3663409259469822,0.0444890312707078,0.0873224890017158,311.87739177399703
0.470178622010212,0.048623556309179805,0.03266499616590357,314.49914978223524
0.0001216251275535929,0.002748511212400717,1.0406334316806285,531.7922027880848
0.01674658478541896,0.20716764497821122,0.7840924696103906,405.69302914812926
0.035339169569057416,0.42339125391700516,0.557307397601514,397.2902153599839
0.012367665941689587,0.33079321879170215,0.6789482247969182,412.80044016822234
0.21922477406094343,0.27321847537486604,0.3369763663320725,330.3161539324657
0.0006033541266282638,0.014308979445563919,1.0333902422229162,468.7519069603979
0.0007928942021662722,0.01857270121821497,1.089857411922538,484.09948061611595
0.0007806546006571824,0.018755111154281023,1.0437122053196828,481.02724522086976
0.0017381973892585667,0.0413733997358961,0.9848058605264353,455.24430138055305
0.0018559451947617323,0.04499399234279455,0.9720930148716094,441.6185446066063
0.0018699346818548124,0.04334160094619066,0.9557640798347955,452.73654415102095
0.001867561467172485,0.043964316113603075,0.9868515069104105,451.3601601534675
0.001824772356374682,0.04288367949505906,0.9817357810065003,454.4372123492535
0.0018502253814170477,0.04422003344573083,0.976149121135717,451.2600665166979
0.0017583516801557564,0.044229215228136665,1.024434010503636,445.41634163556137
0.00458663237704976,0.03597490806334058,0.41312178115866505,382.30568358860495
0.005853438291936408,0.050166526008790735,0.1651541812182024,388.4831758801693
0.00598676076968141,0.05678613777288771,0.080085825143349,380.6782994940904
0.009760609921528052,0.05875511524867699,0.041173091242129034,370.4070652204662
0.01023963313230275,0.06298829792942612,0.025788755140089492,367.8966615298781
0.010659129707724424,0.062111722590649454,0.019762042204111208,367.1445036904304
0.010074934762952625,0.06371402033027396,0.017558852688041304,365.417706165395
0.010009871112237556,0.06311425682702287,0.017529039847674677,368.755931300347
0.0007718536741104232,0.01830890270144192,1.0708573770197227,482.1777948772995
0.0008407055051287138,0.019581341271151353,1.4252560784931043,489.5942074807643
0.0004506077180633228,0.010418363904996508,1.570941845371772,499.50025616356976
0.00043512061192924056,0.010184039356688823,1.6066527802702206,502.4414030308482
0.00019175237461904748,0.004430713067429759,1.5906643760343384,517.0413246211618
0.0003424926415671048,0.008253261061301365,1.6094257707545228,510.2282146180066
0.0002210296102370668,0.004900652425295471,1.8406245531356977,530.7128042550551
0.00021104696144425006,0.005010723940802153,1.8490280050252357,527.7661205974764
0.00020964892056879458,0.0047852781850711845,1.8903323687910298,526.6339518007989
0.0006902184134649492,0.016087088487615753,1.8859345427232073,493.7576400196324
0.0002345908944134112,0.005452467886700008,1.890623319770187,530.6608496787759
0.0005714784876083567,0.013953531112232465,1.9535067093853034,499.66790275308875
0.0006061704218405239,0.014244513673815684,1.9477461536479364,489.11249129332106
0.0005977209804572392,0.014304553357274874,1.9555769791983484,498.0149862938064
0.0005977811691214585,0.014330589156290041,1.8849500777011146,492.60773376752076
0.00015860090611796718,0.003462559143313837,1.9819700962423663,542.2450561306811
0.00015067999323331582,0.0033379147228015382,1.9146431737487388,531.8293914265731
0.0008892241558952074,0.021558101080477454,1.9501987548387887,480.05655757380873
0.0003737612446587657,0.008788537024748855,1.86105705034965,513.0886747395367
0.0004663300824829242,0.011086209289605242,1.8947119440712539,499.38887352323064
0.0004775841834887551,0.011190803573657537,1.8976571515216092,499.4254752349918
0.000480883314685876,0.011615494467115073,1.9172203285367446,508.09078054503914
0.2976603478009131,0.2814586315296533,1.0085196692463616,307.0375359235701
0.7088536260959455,0.10822627320258593,0.3865864312115419,275.5364417736581
0.8455914789971736,0.039682642790212386,0.14040994210125152,273.64501321861627
0.8942908954550376,0.015384684138830595,0.05127874195370152,274.5555983442896
0.9074978390047471,0.006782619620039232,0.018942828013216895,275.4093654956957
0.9700394948029271,0.00360068129697122,0.006837879475885045,267.87910274218734
0.9520287814659428,0.002417695631229344,0.002627703781228341,275.03033250756624
0.9686887319978672,0.0022640106478405975,0.0009301276635061417,275.5013566282889
0.8373745801738536,0.2954233083877672,0.0023967099798311575,350.51815559904776
0.8211051410240982,0.30995078835664375,0.00540751926152877,294.5742570338926
0.8733921573081679,0.1249312808182762,0.0020558718315639712,287.2831978813885
6.231952160762333e-06,0.00013407828593792193,1.9205591799406514,672.455956561525
0.0009208631940600953,0.021259644148272305,1.9715238285578054,486.3493286777237
0.001144738254449884,0.02667776117120968,1.884248435015133,477.2053526594411
0.0016110262070299086,0.03828389648526881,1.7602525549109422,469.75594394724766
0.000585182046684285,0.01409360902235618,1.8314767709683262,499.5086376704244
0.0005592317735436669,0.01331081230621145,1.8338979167561122,490.05070708154676
0.002593835617214324,0.06020645234010685,1.3206764100474337,451.22859478505984
0.0027271816430921025,0.06252713912898211,1.1395882155859274,448.5791470340704
0.002790233450264523,0.06624445434480569,1.0852293339012522,438.82980732720523
0.0027890005682758012,0.06458603917660755,1.1168556503107991,447.05128411523987
0.002728492465591925,0.06487884494414953,1.0603240286665512,443.4506696637714
0.002822212170552507,0.0659268685563561,1.043921134312178,452.91859027059945
0.18328430317543037,0.15220394545174448,0.44201062610852443,328.96483734228207
0.3276717350907176,0.08254072877254537,0.17167768107034637,320.9276189315092
0.0009440479494528531,0.01931713685207015,0.8637971628132619,463.468772204492
0.0007311270600787179,0.01751302949364658,0.8609032223461051,476.9778223775314
0.0007265866018889011,0.01688827656526737,0.8725729825376416,478.15386930105865
0.0007634300281852968,0.016856028348936736,0.8524267550484552,460.6500695320151
0.003820873982008366,0.08401353708028692,0.8038467794823132,428.3605880128756
0.0036926925302843694,0.08736703291601156,0.7401327330346766,434.735225310316
0.007751997176347503,0.1455203462896385,0.5322385129770958,408.1837156809969
0.6657533154189329,0.2142113870997714,0.1774225463965146,320.5634831923898
0.7361262181250255,0.1847988055601678,0.06788197153288911,327.91858745214887
0.2944386039456079,0.1420687654485488,0.02506990216103072,322.67444150582963
0.17662644731011995,0.08038476684455675,0.00983432378243193,318.7260529523548
0.12601492365784472,0.045851234848527045,0.0038920939414465727,314.6767357124129
0.11366224426436677,0.03084909748128245,0.001500866030170911,316.86502357675823
0.11059584978071291,0.023548858964918873,0.0006470270693751945,321.5913575203015
0.0820876338088114,0.06953146391043646,0.0014249846213150175,349.1510413372773
0.0667445319078287,0.10067359410143772,0.003978735867030403,342.0843704388962
0.06497848873014311,0.10557577588005584,0.0052848714501565475,351.4240462017305
0.08139564211687073,0.07026944324184947,0.0032247127964108446,329.89752925542194
0.12215256826206683,0.056243588501850406,0.0017835044011972334,326.9213871955881
0.1484172741733482,0.024447901172050757,0.0006709945373808424,288.70413530081197
0.16830374591236819,0.008862474393541264,0.00025361777478777325,260.34660616212153
0.1697671625436833,0.0033507732692996672,9.296026298449833e-05,260.6578135675212
0.1632772351414581,0.0012906172378389091,3.249549344974678e-05,261.4722898028418
0.16868112563250393,0.008401754446973553,2.09802359293354e-05,319.5893313405489
0.15752478196626157,0.020402026593529965,6.24123115580133e-05,314.12876666966355
0.1541323983894045,0.025167775150262583,0.00010466172554740583,319.4763376495558
0.15543709524544536,0.026280442648157987,0.00013799078317006108,321.61211752257947
0.15345683850803182,0.03381225307939273,0.0002087292558409226,326.2331348123981
0.0006037639208654189,0.013750218928342994,1.0911158872230762,496.2413536749271
0.0011251395882835857,0.02841503791615968,1.3363302192073998,473.55719860594473
0.00545054174145676,0.1284604897371014,1.2972306352658858,433.63331493380826
0.005198674590056518,0.12482184579403921,1.413314328746975,439.68547640745317
0.005070458383363896,0.12988888418963723,1.407622076520678,433.43951590022175
0.005340118912837977,0.12523718202814127,1.3857434234905142,437.6942003634686
0.0052586901797574415,0.12378722810320597,1.3870631666852196,430.57139916737214
0.005338891157549541,0.1262573541006442,1.421552232366309,440.4114183834091
0.0007942433413360983,0.018666590462055765,1.5478762584203303,476.44925009030527
0.0007454436531139086,0.017758899313592702,1.556127067482866,488.60290933049635
0.0018677718142415256,0.04528335186035631,1.4685637499035442,462.8786151645972
0.040153411490736424,0.23866399103416647,0.706737564311471,376.94032064117584
0.07024199162971229,0.37646442085596543,0.3192348837223054,371.1116360651887
0.05818728893735248,0.41282265111375416,0.20965330101879776,377.0605846099736
0.055534798866906376,0.423332915004174,0.1840841892833861,367.40348330858626
0.05687901602167844,0.42889835350454275,0.18218860979110474,379.1896464418724
0.001729497262323243,0.039504669704952644,0.6841915647132679,440.73482615255637
0.0024991056089189168,0.05774895039256622,0.6353180778287696,427.03861131323544
0.00022258720045931213,0.005063136192433093,1.472041433281325,530.3259527003339
0.00032434632828598486,0.007341392581811712,1.7579953153428156,518.1301192373338
0.00031313338029193005,0.007534951889591968,1.8950872443624283,518.5843729608821
0.00030960237679861224,0.007392236956913212,1.8792268374497088,515.5753927721255
0.00032518389187558006,0.007731465522343717,1.9078936201054097,512.4972730190968
0.00014987951707717828,0.0033663193458767227,1.9857824344372037,541.6699168794003
0.00013853800022795015,0.003149638334996596,1.8785560904061678,544.780151815008
0.00014498251154976272,0.003350620982759067,1.9721275076552858,547.5391348094508
0.0006503495684393457,0.015293297098367908,1.177128173098113,470.1724180618388
0.0007460618756052195,0.01802794994608542,0.8779586848026409,471.12711359861447
0.04896224539460814,0.23858706874205787,0.46393793150878343,376.34754346912644
0.08855576521296155,0.36348402675016644,0.20667290819364903,369.95601073396335
0.07733457290639462,0.43853471351512985,0.13847511378902216,371.59971147719534
0.07300711156658574,0.43860526523606713,0.13210799163655118,368.3636810378874
0.07468574963046892,0.45301326800407354,0.1294997596195107,366.79297738277785
0.07269511971873793,0.4491684473287978,0.12929581821956782,376.5367139107414
0.07229891136802302,0.4633449147194542,0.12126922650139971,365.9228711746163
0.07205864357247016,0.4413124200146141,0.1226864769985796,371.8760367923153
0.0731585274208088,0.4570124048060384,0.12841353553486418,371.3288272405138
0.23799101464284395,0.20435319054330792,0.05147718001546103,312.2509112647067
0.30758333728087717,0.08353317606989391,0.019466974914312207,302.5656486040031
0.3742975959508308,0.043070777687256756,0.007293965186596751,302.535380254109
0.3972481115675299,0.029113096561317775,0.002724697912167451,311.66414594364863
0.47730657441936525,0.02560081078635179,0.0009902869487447008,307.76373656783414
0.48906803606790866,0.024827657182191598,0.00040134856376555783,308.38245424588547
0.5028919586766787,0.0251819994601839,0.00017556468740625997,303.57176575343465
0.5030451038223683,0.02584883027541568,8.956838667467659e-05,307.86985220127076
0.491494031481394,0.0272284439249601,5.748692343693351e-05,303.7059460520785
0.506033827464024,0.026613627391004813,4.857667316360281e-05,305.3578277488773
0.5065745937511194,0.026228361554464508,4.5963130917425765e-05,308.09808335283174
0.5112687962449526,0.025859690552538894,4.3221435384988016e-05,304.615713379644
0.49240725162688115,0.026567218053721642,4.232534288717282e-05,307.53627066053605
0.49176393922739153,0.027287482714721478,4.1842614890763574e-05,306.20385182420625
0.5104804431303483,0.026080742604715934,4.3268163723020336e-05,301.77824410827395
0.2538136486703782,0.04256134869068362,0.00013682855930352567,320.1183624817672
0.15886824992506965,0.0403198592704172,0.0002333207845306995,320.5442384351278
0.1237347446541156,0.034181538661480326,0.00023744937748676476,323.6153422314142
0.11752135840736205,0.02716813949605268,0.00021179283499006551,323.34206532838607
0.11918731116430314,0.013862690702349578,9.922051053085079e-05,299.91113657470567
0.12033938376950964,0.006479386915754282,3.8959278154004906e-05,296.6439739035247
0.12347332676347333,0.0038730679937578616,1.6453110727121523e-05,296.47936615567676
0.007878681011804833,0.17795172835533496,0.059070749207143114,398.660181848472
0.0072923243676914495,0.11524389450008288,0.12387938173081098,398.59718702132466
0.007567297837642983,0.10951213570422369,0.12128010303301567,394.4257730080388
0.0035847539770982317,0.04971986490150987,0.08017052284698778,376.3973210782089
0.0039227086908658615,0.041824000356299185,0.047419625918614816,381.86587180435265
0.003932037422747059,0.03867185968618342,0.033669557607228506,382.5282663009821
0.0038130910529615147,0.04219837355803524,0.027902612700168195,385.87303165777666
0.003876051620911869,0.0417825746398775,0.02607429365072611,380.10856972367117
0.003933103802529425,0.0410947446809663,0.024898146657408693,380.8497274464321
0.003878493917180925,0.04142976969288181,0.025075044054365003,371.75561941468703
0.003889030368758206,0.039752367981757575,0.024298613791812473,372.06932968467413
0.003911412020608351,0.04085163469993902,0.02516918506577226,388.2334992524252
0.0032253842943870126,0.09081275074435008,0.3125752989533451,428.0652817274529
0.0032528008611878434,0.07530272533480042,0.45708044853628077,429.60639157229997
0.004153524459555746,0.08909885361158282,0.4382691645213171,428.1449823469717
0.004096824260615084,0.08746456922370399,0.42832634545502,415.89470380454344
0.004243629554879058,0.08851750672812186,0.4197555280933379,417.2876418837134
0.004180901271835791,0.08874908174490936,0.4184498842051846,426.2449625477502
0.004051084266555871,0.08909279852714874,0.4291743217881543,412.4232658489773
0.0007750962628387814,0.016594062752529726,1.1398849600814212,462.3364237120375
0.003784133881671481,0.08171284337612994,0.7466229096884707,421.9492728787985
0.0038867090577554553,0.08943311717955371,0.6205402482350417,426.04560067540706
0.003961215829955234,0.08732160939663342,0.6070560444546157,424.4599289825246
0.003903431305082583,0.0882498107230556,0.5770610598008784,434.15619017725146
0.0019467581525687838,0.04680712831277423,0.6375001177451501,442.35031309474044
0.001969725152953905,0.04551348253838383,0.6133508633481274,441.06225318682567
0.0007037068801910018,0.016587406211328537,0.6410102208347437,464.3817655117077
0.0007128495813752411,0.01649565314542739,0.6656147142540499,459.1143041960832
0.0006845015116023756,0.01725030554769691,0.652975646817434,463.95851685765024
0.0007005811885688606,0.0163592680170338,0.6480021858921892,464.7787241707708
0.0007144724336297648,0.01620368642179626,0.675305595108104,464.18704824010626
0.00015583073256086877,0.0035749396860979,1.2530046292939752,523.5795048611615
0.1774448257011656,0.2969231340674092,0.8245667320331014,342.89912421719873
0.551997575528345,0.12596680135657357,0.28754975931479726,289.2852092155879
0.6868044962575941,0.05444938151711132,0.1109994381169147,294.19351323679433
0.7351121169103919,0.02641953648791423,0.03952718779480069,292.5068673143989
0.7730046185296756,0.017022835150336868,0.014904444063181033,293.6736139821988
0.7722098025078344,0.014104195196494862,0.005572047647291689,297.1925546505862
0.7939274480563386,0.01294718888640567,0.001999012288396995,296.02746603440835
0.770302822773909,0.012633553396918684,0.000738346046313676,297.3796766486872
0.796761083841505,0.012240649265789216,0.00027549868395426724,294.5514518279348
0.7951381100851291,0.012107124819722703,0.00010553349520009414,295.63797430725106
0.7661905287013727,0.012362557290844234,4.27007933831991e-05,296.4884994315689
0.7764104723272405,0.012180440231862155,1.9123153376932045e-05,295.17625840492883
0.7944509749315757,0.011874848255230663,1.0571510547507934e-05,298.8841255061492
0.8006675956828755,0.0057684908808073865,4.355885962648021e-06,270.4872087590894
0.7974856339884703,0.00244869308008544,1.6224997478886394e-06,265.65800994847996
0.8049344044576551,0.0012342256416741915,6.37043278850502e-07,263.12671819725136
0.8062523099832161,0.0008365449594829322,2.3669501608702959e-07,262.63295590132327
0.8117946030483246,0.000657376848543445,9.751495366749907e-08,265.29808434242744
0.8209718450974223,0.0005708746075304694,4.3078271005914104e-08,269.1523150659163
0.7951691786129366,0.0005780278796524985,2.2564832613536367e-08,265.6437254574602
0.7669690009814741,0.0005585008435994854,1.503067226238386e-08,267.36589746224126
0.7844351966757351,0.0005576197188729703,1.2366965118637552e-08,263.6004629444385
0.7977728011626289,0.0005669228782777536,1.160092460983364e-08,267.3224102639492
0.802256994462336,0.0005957339713745236,1.1938216692986003e-08,264.283631004939
0.76628274298219,0.027342625777220908,1.6931636375172587e-05,317.13608503292306
0.7574776033625799,0.0734726612705981,0.0001481016567922433,313.6294174508465
0.7465112859934883,0.08930806149383724,0.0002923694620799999,314.2438731199764
0.7270094190867136,0.10309846995775407,0.00038864620194040134,319.59461404364276
0.7538746227616975,0.10008167069962665,0.00042209093975020817,315.33633332087953
0.7285871176026376,0.0776178095862316,0.00030776843109137086,309.3811116574793
0.8012044789566648,0.06217387026368748,0.00020725521485015497,307.6493700227742
0.7770270767813826,0.05475522596079685,0.00015960454856978057,308.00557766373805
0.7607958244930634,0.054768554582638795,0.00012713999655022956,310.6078825504042
0.7888178602349193,0.052684396062962546,0.00012368250782207602,310.3781708045707
0.7774744823315188,0.05410262981943642,0.00011802665446997151,309.1993069278252
0.7796766035989934,0.05403511952247969,0.00010981974901613789,303.0583810995046
0.7665788853847363,0.050690889071922096,0.00011097293721246126,309.361606478419
1.2141443015090125e-05,0.0002603367169937143,1.5554854056294984,633.649981234736
0.002455108594823341,0.055016754819135205,1.5187959865663985,458.71004019105885
0.0033754152525803938,0.07859597877299385,1.5034180575187044,449.70885955015183
0.0033769642879613593,0.08009206042278905,1.514893765781208,439.9573572892328
0.003310606718463782,0.07841623838810086,1.5407695792578597,450.92906782406135
0.0033833556117240926,0.07818207114911818,1.5226386786168327,453.94911869542096
0.0034094036837080677,0.08046144850955106,1.5192650898409057,448.9629673052102
0.36175000375093846,0.21516086993028227,0.6629408832292394,303.54675092446666
0.6248023560164853,0.08377079997025139,0.24334594657871195,287.08656912325995
0.7688519908079342,0.035752249296836625,0.09038647535157585,287.71779951785874
0.8250548401959318,0.01781133269248092,0.031883083234642284,290.5105335159172
0.7678615883634686,0.08717844306139638,0.01265180426212209,328.87286359401173
0.7405142486488123,0.13279569010951986,0.005025532857954151,323.7744651735462
0.408371519611689,0.10622554526174965,0.0023191225491318024,312.03173115519024
0.266723658520501,0.19115701329239987,0.003186682033653687,348.45502694671296
0.1882804000612759,0.24585123463070357,0.007744761567468117,344.47480538711665
0.17975250808587984,0.23109415983902287,0.008918858519489647,348.0060966580274
0.1820850450249913,0.2088296133243429,0.008399672720612317,342.15323972212695
0.19041186139601685,0.20271896092611297,0.008217274635010485,342.0380300502901
0.1772813851741608,0.20205732507716817,0.007823052857002522,338.7569931822697
0.18443624649391338,0.19782994621744532,0.007357554015571199,340.27985154553795
0.10410629235666263,0.3652229539256765,0.024661249689200027,363.39507733207984
0.17455446840410827,0.22030633355837836,0.01900761880181956,324.9988188059647
0.1327386122373136,0.29869751725377,0.018136474384431334,356.0213665800103
0.024163143378097773,0.37780785473251904,0.15864491975945938,387.9576380519311
0.03173742250872008,0.33408223762948597,0.20439265347842595,388.4845711387611
0.03395371885595366,0.32759105653358656,0.18592392607113906,373.07826053584097
0.035431939960338665,0.33918148755600613,0.17925746891664512,379.8910881473379
0.035252099650554314,0.3298473424143686,0.18541007126822262,379.7298847265091
0.034894046153083336,0.3355577133117158,0.18904860216145658,377.31420246890787
0.03398895559692694,0.3248473776663608,0.17701811841060322,383.4027305176237
0.024410707725125935,0.1784348429806476,0.10955907188075215,359.8565420833457
0.029562246093957578,0.12495325092919185,0.0526914628070953,359.85078301035037
0.028482891412688893,0.11188187524682675,0.03218922989504314,355.19253380892417
0.060038072413849786,0.057269514512104436,0.01274601627011801,321.4138893868979
0.07227048901400457,0.03336709996844367,0.004852315961656306,328.3685639942413
0.07838841223929738,0.026300615593427057,0.002012223116353129,323.06834174727527
0.08211745026050687,0.02307055360328014,0.0008662214566522164,328.57794733802564
0.08194046786218384,0.024185418212610554,0.00045613333023469815,323.4315280322643
0.089650961479814,0.016272747438666746,0.0002131641339910284,311.22540708977044
0.08515550421447571,0.011727958639211944,0.00010966998430228525,314.9116510408004
0.08487709887993922,0.009932979731188174,6.169879784595489e-05,307.41906434408367
0.08647458443294709,0.009790705057604487,4.1625234388276144e-05,317.6807608644016
0.08746312182110938,0.01425343993495326,6.383963012041027e-05,324.8469567544281
0.08247791782409863,0.017626857648627592,0.00010401406901394683,315.76141722641705
0.08074381891608917,0.019030270731697163,0.00013055391165794905,320.0666097188553
0.03506611154843492,0.10561755281993374,0.006153757619440259,365.62266959778435
0.023942773926981353,0.1212750785417881,0.017924781328741646,363.87044251836335
0.024526764507799947,0.1164455798611308,0.02146845094057731,365.33996145586303
0.0007480660187637045,0.01526701737366476,0.8572125507857449,435.4273993057603
0.0030149273792743903,0.057727281511918804,0.4448392120777498,413.7854215610819
0.0031349357055477367,0.06262428477109178,0.30301795822182853,417.45358493084274
0.00302471284761896,0.06030779609007836,0.2537802063683602,423.62119775904176
0.0016452737068043954,0.03770108277440393,0.2584887186788145,432.9131400805243
0.001635572436002597,0.03680112940390884,0.2582947673366404,424.1680941646641
0.0015961722194638983,0.037594919462516474,0.24812994766887897,422.07272002810953
0.0017070760741708657,0.03681115020031178,0.2526287138520924,426.35626577958004
0.001609226703580935,0.03745250519430965,0.2513803148654414,423.41993013487496
0.001652460898692254,0.03656310448803346,0.2441658650216354,421.0914870283381
0.001647115831652668,0.036660323355633406,0.25713215481612267,426.047306937853
0.004098556143899701,0.07409167302639841,0.20227561054164384,406.9575016648828
0.004228732935905255,0.08033109404048494,0.2066570246707528,417.7740204017335
0.004237757848634782,0.08164688925977981,0.2119593057816055,403.1861806579357
0.004192889708103165,0.07897394791695728,0.20512731100620274,408.38872896054795
0.004113622711239662,0.07975640237173431,0.20594810122786317,401.97216103235655
0.004115379201207192,0.07822836094612762,0.20304093207098473,412.33443015506435
0.004013972610844241,0.07988957362131677,0.19799532954002858,411.37685838981804
0.0010627663405126664,0.02527225161471458,0.2624781824551187,440.2987518636719
0.001092153618382441,0.023975707575201066,0.25818227376068736,437.1787125478059
0.0010316062572266471,0.024976193776854283,0.26897105069783916,433.40464546014397
0.0010327044489275017,0.02438330664194216,0.26375931135339925,437.15878942162647
0.0031694832592428224,0.07398536648185483,0.4089169882497466,423.75173811303915
0.0006581794317343514,0.01608308251050361,0.9839296702742523,481.94220123061183
0.2854232746624971,0.16005930460794215,0.4946746890239922,308.6532958592985
0.5131673717436026,0.06388253211618872,0.17609145126540016,286.6417302735933
0.5603159186944288,0.05480259771362367,0.06703664031207529,320.2091850749169
0.6154653135996891,0.025893150564375966,0.02290556301709218,278.2846251361802
0.6288881117663775,0.010993494164665829,0.009008040767465586,279.1230691256753
0.6463246188775392,0.005132825224444082,0.0033892672421875214,271.2690439550243
0.6447333690077081,0.0031614473281104116,0.0011642504097467143,279.993282321597
0.6330652518199689,0.003970977718770252,0.00043862857548687684,289.8789939433399
0.6390455020995858,0.004555031194162673,0.00016594511265410894,283.42686119379914
0.6492249250550793,0.004494293777543845,6.11866154961449e-05,284.7506240455262
0.0003634122428472497,0.008301423941466102,1.280453642031886,496.4817030106361
0.001187268273236508,0.029234286752767125,1.2426620952901752,458.3887866479234
0.0012411529804238763,0.031641211147770854,1.2403837450796995,471.0751206006667
0.0012675815691637338,0.03144820155667577,1.2862704098396174,462.15284630178314
0.00039614598092369,0.009399297203083135,1.258879236322076,505.24160418053356
0.0004720096445743338,0.011323643852403753,1.3112391954707712,492.4254337433792
0.26274959823243393,0.16982063511609247,0.601190414119849,310.86053891446613
0.494133870018055,0.06759162239570327,0.2247628265698124,297.45010369386944
0.5933097075135791,0.029967746840807885,0.08136187250889115,291.1104839269522
0.00041108149367524716,0.009552201874177768,1.2573350969165977,488.98095184401603
0.0016477109388528532,0.03995323489394015,1.2687502917983793,454.9227335459387
0.014420602575650032,0.16697278150127048,0.6356273441582421,390.2326811223929
0.01736186784768806,0.2491712859504795,0.3909166945676216,394.35675108441023
0.015648261943271013,0.23956406595209467,0.3319960447703905,396.95386887779335
0.015233283638798722,0.2465077308000601,0.320226590728142,392.87905647190667
0.01607730737985713,0.24501074890837793,0.3054891428125484,394.0101433895952
0.0035051453386485965,0.07772695526673751,0.4941890213161515,420.1814740255013
0.034600806039264076,0.22773947526288152,0.27536729841435414,377.5076877664444
0.002383002212876517,0.050467815745845745,0.8774204287462248,450.5698554448656
0.004760608781174569,0.10779957301015897,0.9069810745905922,435.3103510293914
0.004599129614854924,0.10682887449170247,0.9573594775377001,429.43981182072463
0.17703856473711876,0.28922669701372494,0.4662677685357644,339.56326031198154
0.19412409471574893,0.5246213739631493,0.19233652559798375,370.075690693001
0.00842598500386843,0.1349527747642565,0.9522567714856472,412.14284413054094
0.06373570736111733,0.11780901793517784,0.3905010324468718,344.3982400074063
0.13536515969323581,0.05881443620963145,0.14554183282671979,320.2888904434615
0.16347225056987602,0.03202527652756848,0.055594394556710336,316.19594548816036
0.14757353370249404,0.07267778043283474,0.02043564083597149,339.7292378523318
0.12440260598932584,0.116641614501516,0.00996241091403438,337.9967749826475
0.1659849415260381,0.048836774505253755,0.003773889696720545,284.9300517157897
0.17968548231735987,0.017808501318098413,0.0013953126748710853,278.2280945850297
0.19185215900234986,0.007286372145528297,0.0005031661741267679,291.57345825554324
0.18231408210477318,0.0031850273890678404,0.0001894295729860107,279.0512443944041
0.17989139392629844,0.013197927547674904,9.191117572809882e-05,315.71659500269175
0.17847973324173738,0.012068525159096066,4.950186545171764e-05,302.1436138357978
0.1779190365153211,0.009029350883637488,2.5620899345435433e-05,298.5446398972292
0.15929430333484862,0.052809037621423194,0.000377389320770416,337.9666953171592
0.008704755517695673,0.2125612644428878,0.14368118647765954,392.53418913654394
0.011499992083622845,0.16245768871701727,0.19200320687658623,392.901598768535
0.012228496095685548,0.16847028718018625,0.18526774036493615,390.38415416376085
0.003154011602361395,0.0721214932265245,0.29644386472641865,416.55948954228006
0.003401415794873519,0.07107828499273572,0.30539379245089665,414.4639749972587
0.03378285863244984,0.15037738966307768,0.15242449043381517,370.11341396621407
0.042796621547646074,0.2027520362375162,0.08340314842211971,370.920438430386
0.12908595892127095,0.08255010781288252,0.03213110713043521,285.12014320277774
0.16151862090858732,0.029885938357333275,0.012099599281633788,280.60071747012336
0.35755392214555143,0.011885084929167233,0.004272439836522146,279.0603445174666
6.303823399345099e-05,0.0014580378867770638,1.1878726289810968,559.506256498061
0.11032314679526001,0.3532537290617571,0.953755133165991,358.7736611726688
0.5798199965440912,0.16859232162846655,0.3602947283414349,285.3392223108038
0.7550534915910752,0.06488576553951036,0.12913093091593159,291.5349606102637
0.81234984057164,0.07700422035196997,0.04818546967904286,316.10686724815304
0.809566358261437,0.1309398987609447,0.01835347875135762,326.7298893667363
0.8006901654602273,0.15658355390075307,0.00758627981147425,324.5715477077025
0.805604250541002,0.17291008638041633,0.0035856579742356565,322.7586865766227
0.00028753261640201977,0.006857617219510503,1.738267428275085,520.7044660050236
0.0010493141419185559,0.024673589055469514,1.7182201512877386,479.56948897615666
0.00014168379182799562,0.0030780818591656933,1.764054135580573,539.505825589619
0.00013482179005536166,0.003014555247559225,1.7356651542954527,547.700040211379
5.626753037574206e-05,0.001290974912108167,1.7577843984323527,572.4513797466489
0.000558771968074967,0.01289348293079795,1.7805942865665767,496.0757728020082
0.0006014647954690755,0.014812859558173186,1.7547395761082112,502.6356887886976
0.0006299875159354595,0.014378023987232869,1.687847301085626,499.05526200504636
0.0006149459169526583,0.014360451278640385,1.772923814209705,490.5025377576786
0.000636821672849619,0.014548710098364448,1.7893770690747481,497.14496643675864
0.5057622113965143,0.19931707511235874,0.1958635649395134,307.0124417051343
0.5214368815942861,0.0944055056528934,0.07273046175409359,310.294945121516
0.5262151460225862,0.05264312244699526,0.027461737073481596,304.27170545565576
0.8182561074595586,0.04250836802955599,0.009504431191061924,302.5032943736654
0.9095550572001542,0.04757392481178141,0.0035717766464045675,307.0429756590955
5.364414074215951e-05,0.0011716892406684054,1.9718719307766681,574.4370896143155
8.96603916015759e-05,0.0019982130748437688,2.0045913874279115,554.7898864877708
9.028804772609478e-05,0.002107387029034402,2.036631483385139,563.471969116075
9.06489236813246e-05,0.0020649598907109823,2.024447541036572,554.4404223569059
9.36061616951811e-05,0.0021058825556981575,2.0358752348613938,565.3700762849542
0.00023027631182964692,0.005303541873411921,1.6496375814126678,516.1908868376786
0.00023589930076622911,0.005419042762341675,1.5384882434214586,521.3567617346961
0.00024004118676035358,0.005810867463839742,1.4708065168908495,504.91668159049425
0.0002461010343087766,0.00557873731994718,1.487653723092218,508.3959321610362
0.00024365554215544094,0.005542582319952416,1.457541924750379,518.9225684063484
0.0002442469756139265,0.005640574205662163,1.4093318606201746,518.7358195553542
0.0002466492604132342,0.005515260569785352,1.4224479607534104,520.5032804819645
0.00024065661026145824,0.005534736815917818,1.4559739482027045,511.68649210354306
0.0002424424289061422,0.005586209724206093,1.4384776365711036,520.6929972993739
0.0009070695140422913,0.022859723364251072,0.9346548905176892,453.29747111039
0.001492906709095243,0.034369960832136115,0.7832635136079494,446.7098479207309
0.16816784047710442,0.12134068830182826,0.34642347315712835,326.2364127953919
0.2530420754877451,0.1525956264131696,0.12574747402307085,337.84668951417893
0.2483003741832046,0.23264889609823863,0.05044209211372119,347.18094542003985
0.0005572048854508571,0.01355741408954969,0.7535482806209322,470.80487802207807
0.0006505051068106948,0.015390144241918646,0.7418948261789328,473.93575223078375
0.0005859524308949315,0.013481016645203237,0.7928188659769183,475.52920155218897
0.0005657269924848607,0.013481640221714664,0.8488345638730365,479.6721381591308
0.0005474071545358838,0.013275135820664807,0.8134147815905372,481.9668178295963
0.0005374536548955477,0.013063118161253273,0.8306722874280487,479.1997456401358
0.0005539127536238198,0.013309296064397291,0.8344669432116724,477.33595107316006
0.0005460889927445534,0.013153249775250564,0.8689061818565744,478.43010286684233
0.0005682696821370792,0.013422790225806447,0.8384206956768371,478.6909070365491
0.11707377522507484,0.213686635200116,0.41338667088918046,352.60769467773207
0.0008683765127100451,0.022143227752108086,0.8246899794750349,466.66450128293764
0.000993466262289855,0.023551221876914497,0.8348076870291257,454.7979952121187
0.00021776483133778557,0.005005905864072235,1.3780389047019945,526.8864549234015
0.00020073432977729677,0.00471541094101896,1.6027601174882742,522.0264303055737
0.00019963343603957018,0.004797261163364264,1.6489345400712097,527.9982017682182
0.00020402452450590802,0.004556799143496659,1.6525662401486945,527.3001039055297
0.0001936450982401028,0.004648898279282332,1.6586566219733474,531.1623080616791
0.000203395150383201,0.0047798559778242655,1.6901363667194287,524.7302193475191
0.0006427776655469342,0.015262627176805155,1.3336106092659883,481.7238322723843
0.0006823346212964654,0.017583001551714883,1.1028987827580965,477.4469959983394
0.0007122477224897894,0.016235052219894075,1.0383335716706508,483.6908030585756
0.0006960357607152523,0.01708665358919631,1.0257926342604808,475.3931384195917
0.0007241466476365366,0.016898709174623383,1.020505505679338,472.59362674724264
0.0006909057670752006,0.017168101811204983,1.040489479532992,470.37945208460076
0.0007004014209743281,0.0167297401236296,1.0302434484492782,472.9733113466374
0.0007145336729583729,0.016751677770164952,1.0310383033120678,472.1114644571085
0.0006889139712207282,0.017642505729786484,1.0600967934163028,475.51380201729336
0.0007206193328804789,0.01715844512967174,1.0104133043845467,472.39581548686147
0.0022153252383944055,0.043587571640727796,0.5124186804783735,422.920341853871
0.0005618874565457288,0.013877723147970256,0.9147173131518305,478.2805264664486
0.0005276828101785647,0.012843788957685398,1.0675045938359768,480.2856619344229
0.0005387572761446635,0.013090814498965098,1.1492562958572372,495.0501235949754
0.0005486404294171576,0.012585863810253284,1.168705449256811,485.8457218900518
0.08781717131706496,0.3225996721491654,0.6691100105389775,372.21932248779706
0.3234889973761721,0.27076002339457833,0.25773614904032743,330.9258697647559
0.4244086292244697,0.21235749967997197,0.09874451711896215,330.36925059129396
0.23664076850165838,0.15830653930576932,0.0360446681747949,328.4230444501834
0.14379656923383277,0.08975066685197725,0.01468498282263303,324.7601953950523
0.1185872752676772,0.05744693353523056,0.005996746425688537,323.2819996550848
0.10988707342735404,0.039401709384827954,0.002387326635907794,323.1634348045066
0.10541893002534758,0.033858075693799505,0.0010674086398673177,326.7567362631296
0.015134903856618975,0.17180071919076223,0.032699344104824446,375.9962361903112
0.013633138138461731,0.14190009013545707,0.06714385451709542,380.84665666806376
0.014206105266512059,0.13974910607825947,0.07415047835635546,380.4253036652939
0.0009501745343582502,0.023266681908174047,0.9621599528460193,479.1291109284312
0.0009896700983951234,0.02309034226319906,1.217098264538769,471.98572002270754
0.00020779536767778772,0.004504897758943471,0.48945215834079064,429.7325310199518
0.00021957147432744017,0.0049716240520958355,0.19883835975009612,426.6566501487073
0.00023579409142238106,0.005192434028964854,0.09353405495156197,428.97013819919175
0.00022998846506622206,0.005144097753416288,0.055303513837114515,426.5077240034227
0.0037948557520437465,0.01537534772283472,0.025860719949357402,371.7227752324024
0.004850304749744405,0.021685241688694845,0.012407249064980641,368.10413086253305
0.004849191891687088,0.024003820505299756,0.007794163553157096,359.23615578061856
0.004826633735398322,0.025199842036562614,0.006397228986901038,370.44057720407585
0.005005088425272863,0.025151448510474017,0.005646253687884573,365.9786987968775
0.004720884635982692,0.025807009358101318,0.00551270227869749,364.7449265816204
0.005020898796989304,0.02435921695228921,0.005418237096682488,367.6836535459179
0.009832661635808149,0.018000656417516248,0.0030514976369562796,349.99551069992486
0.0007698957060612854,0.019478245685167428,0.02003917675790834,401.3514217305552
0.0016258054947167477,0.03579523618776126,0.7146278457424534,462.2226590187796
0.0061949543037554955,0.1372912117047449,0.8384939204075791,431.86555454015985
0.04689875449643688,0.20240906683441018,0.42047537829694115,375.52617313871167
0.06808918868137842,0.29684941944292,0.1809913009765004,361.8723640856833
0.06539792974991243,0.32775831897591595,0.10757977161126664,362.6375518531586
0.06436385099478092,0.34032548336350754,0.08894766663730252,371.7519586342402
0.06668462260676333,0.34868411812838546,0.08104129917118097,360.45339071584664
0.06263230746548043,0.34925374322485947,0.0804068646819433,364.9610871028542
0.06104322849739913,0.375276091408925,0.09068691594922351,371.9608532716808
0.05858885565408928,0.3878999364613533,0.11025810151916116,376.49277767767774
0.0003255089620434748,0.00817131289890577,0.6105841861051073,484.8920087325109
0.0003449572173033766,0.008044067964447732,0.6107765411006921,470.26369891957523
0.00034664231115050237,0.008198395506907374,0.6351974095904848,479.4167786490378
0.0003477671914005609,0.00798472871126038,0.5847930010943377,480.88413708501787
0.0003376512615851923,0.007987848000935993,0.6294624765658413,487.154827616368
0.000407034042428811,0.009688187069784582,0.617478633871924,473.67241235914827
